Species,Genus,Family,Order,Original_Sequence,Learned_Prototype,Receptive_Field
Acanthodoras cataphractus,Acanthodoras,Doradidae,Siluriformes,CCCCTCAAACACCCCACAACCCAACATAACTAATAACACAAACACTAACGTCGGGGAGGCAAGTCGTAAN,ACACCCCACA,CAAACACCCCACAACC
Acanthodoras cataphractus,Acanthodoras,Doradidae,Siluriformes,CCCCTCAAACACCCCACAACCCAACATAACTAATAACACAAACACTAACGTCGGGGAGGCAAGTCGTAAN,AACGTCGGGG,ACTAACGTCGGGGAGG
Acanthodoras cataphractus,Acanthodoras,Doradidae,Siluriformes,CCCCTCAAACACCCCACAACCCAACATAACTAATAACACAAACACTAACGTCGGGGAGGCAAGTCGTAAN,TCGGGGAGGC,ACGTCGGGGAGGCAAG
Acestrorhynchus falcatus,Acestrorhynchus,Acestrorhynchidae,Characiformes,CCCCGAATAAAACTTTAAAGTAATTAACACGCCACAAAAAAACAAGGGGAGGCAAGTCGTAANNNNNNNN,GGGAGGCAAG,AAGGGGAGGCAAGTCG
Acestrorhynchus falcatus,Acestrorhynchus,Acestrorhynchidae,Characiformes,CCCCGAATAAAACTTTAAAGTAATTAACACGCCACAAAAAAACAAGGGGAGGCAAGTCGTAANNNNNNNN,ATTAACACGC,GTAATTAACACGCCAC
Acestrorhynchus falcatus,Acestrorhynchus,Acestrorhynchidae,Characiformes,CCCCGAATAAAACTTTAAAGTAATTAACACGCCACAAAAAAACAAGGGGAGGCAAGTCGTAANNNNNNNN,AANNNNNNNN,CGTAANNNNNNNN
Acestrorhynchus microlepis,Acestrorhynchus,Acestrorhynchidae,Characiformes,CCCCGTAAAAAACCAAAAAGTATATAACCCCACACCAACAAAATAAGGGGAGGCAAGTCGTAANNNNNNN,AGTATATAAC,AAAAGTATATAACCCC
Acestrorhynchus microlepis,Acestrorhynchus,Acestrorhynchidae,Characiformes,CCCCGTAAAAAACCAAAAAGTATATAACCCCACACCAACAAAATAAGGGGAGGCAAGTCGTAANNNNNNN,CCGTAAAAAA,CCCCGTAAAAAACCA
Acestrorhynchus microlepis,Acestrorhynchus,Acestrorhynchidae,Characiformes,CCCCGTAAAAAACCAAAAAGTATATAACCCCACACCAACAAAATAAGGGGAGGCAAGTCGTAANNNNNNN,AAAACCAAAA,TAAAAAACCAAAAAGT
Aequidens tetramerus,Aequidens,Cichlidae,Perciformes,CCCTAACCCTATAACTTAAAGACCAGACATATCTTTCCGGTGAAAGGGAGGCAAGTCGTAANNNNNNNNN,CCCTAACCCT,CCCTAACCCTATA
Aequidens tetramerus,Aequidens,Cichlidae,Perciformes,CCCTGACCCTATAACTTAAAGACTAGACACATCTTTTCCGGTGAAAGGGAGGCAAGTCGTAANNNNNNNN,GAAAGGGAGG,GGTGAAAGGGAGGCAA
Aequidens tetramerus,Aequidens,Cichlidae,Perciformes,CCCTGACCCTCTAACTTAAAGACTAAACATATCTTTTCCGGTGAAAGGGAGGCAAGTCGTAANNNNNNNN,CCCTGACCCT,CCCTGACCCTCTA
Ageneiosus inermis,Ageneiosus,Auchenipteridae,Siluriformes,CCCCTCATATATACCATCAAAACATTCCTAATAATTTACAAATCAGCACGGGGAGGCAAGTCGTAANNNN,CACGGGGAGG,CAGCACGGGGAGGCAA
Ageneiosus inermis,Ageneiosus,Auchenipteridae,Siluriformes,CCCCTCATATATACCATCAAAACATTCCTAATAATTTACAAATCAGCACGGGGAGGCAAGTCGTAANNNN,TCAGCACGGG,AAATCAGCACGGGGAG
Ageneiosus inermis,Ageneiosus,Auchenipteridae,Siluriformes,CCCCTCATATATACCATCAAAACATTCCTAATAATTTACAAATCAGCACGGGGAGGCAAGTCGTAANNNN,ACCATCAAAA,TATACCATCAAAACAT
Anablepsoides igneus,Anablepsoides,Rivulidae,Cyprinodontiformes,CTCCTAATCTTTAATTTTAACCATTTACATAAAAATTCATGCTAGCAAAGGAGAGACAAGTCGTAANNNN,GAGACAAGTC,GGAGAGACAAGTCGTA
Anablepsoides igneus,Anablepsoides,Rivulidae,Cyprinodontiformes,CTCCTAATCTTTAATTTTAACCATTTACATAAAAATTCATGCTAGCAAAGGAGAGACAAGTCGTAANNNN,CTCCTAATCT,CTCCTAATCTTTA
Anablepsoides igneus,Anablepsoides,Rivulidae,Cyprinodontiformes,CTCCTAATCTTTAATTTTAACCATTTACATAAAAATTCATGCTAGCAAAGGAGAGACAAGTCGTAANNNN,CTTTAATTTT,AATCTTTAATTTTAAC
Anablepsoides lungi,Anablepsoides,Rivulidae,Cyprinodontiformes,CTCCTAATCTTTAACTTTAGCCACTTATATAAAAATATACACTAGCAAAGGAGAGACAAGTCGTAANNNN,ATACACTAGC,AATATACACTAGCAAA
Anablepsoides lungi,Anablepsoides,Rivulidae,Cyprinodontiformes,CTCCTAATCTTTAACTTTAGCCACTTATATAAAAATATACACTAGCAAAGGAGAGACAAGTCGTAANNNN,CCTAATCTTT,CTCCTAATCTTTAAC
Anablepsoides lungi,Anablepsoides,Rivulidae,Cyprinodontiformes,CTCCTAATCTTTAACTTTAGCCACTTATATAAAAATATACACTAGCAAAGGAGAGACAAGTCGTAANNNN,TAATCTTTAA,TCCTAATCTTTAACTT
Anchoviella lepidentostole,Anchoviella,Engraulidae,Clupeiformes,CCCCAACAACCCTGACTCACCGGTAACTTTAACCCAAAACACAACGAAAGGGGAGGCAAGTCGTAANNNN,ACCCTGACTC,ACAACCCTGACTCACC
Anchoviella lepidentostole,Anchoviella,Engraulidae,Clupeiformes,CCCCAACAACCCTGACTCACCGGTAACTTTAACCCAAAACACAACGAAAGGGGAGGCAAGTCGTAANNNN,AAAGGGGAGG,ACGAAAGGGGAGGCAA
Anchoviella lepidentostole,Anchoviella,Engraulidae,Clupeiformes,CCCCAACAACCCTGACTCACCGGTAACTTTAACCCAAAACACAACGAAAGGGGAGGCAAGTCGTAANNNN,TCACCGGTAA,GACTCACCGGTAACTT
Ancistrus aff. hoplogenys,Ancistrus,Loricariidae,Siluriformes,CCCCTTCCTATTAAGCCTATCAACGTATCTAATCTCAAATACAAAACCACGGGGAGGCAAGTCGTAANNN,CCTTCCTATT,CCCCTTCCTATTAAG
Ancistrus aff. hoplogenys,Ancistrus,Loricariidae,Siluriformes,CCCCTTCCTATTAAACCTATTAACATATCTAATCTCAAATACAAAACCACGGGGAGGCAAGTCGTAANNN,TTCCTATTAA,CCCTTCCTATTAAACC
Ancistrus aff. hoplogenys,Ancistrus,Loricariidae,Siluriformes,CCCCTTCCTATTAAACCTATTAACATATCTAATCTCAAATACAAAACCACGGGGAGGCAAGTCGTAANNN,TATTAAACCT,TCCTATTAAACCTATT
Ancistrus cf. leucostictus,Ancistrus,Loricariidae,Siluriformes,CCCCTTCCTATTAAACCTATCAACGTATCTAATCTCAAATACAAAACCACGGGGAGGCAAGTCGTAANNN,TATTAAACCT,TCCTATTAAACCTATC
Ancistrus cf. leucostictus,Ancistrus,Loricariidae,Siluriformes,CCCCTTCCTATTAAACCTATCAACGTATCTAATCTCAAATACAAAACCACGGGGAGGCAAGTCGTAANNN,GTATCTAATC,AACGTATCTAATCTCA
Ancistrus cf. leucostictus,Ancistrus,Loricariidae,Siluriformes,CCCCTTCCTATTAAACCTATCAACGTATCTATCTCAAATACAAAACCACGGGGAGGCAAGTCGTAANNNN,AAACCACGGG,ACAAAACCACGGGGAG
Apistogramma gossei,Apistogramma,Cichlidae,Perciformes,CTCCGACCACCACCCATACTTTTTGAAGGTAAAGGAGAGACAAGTCGTAANNNNNNNNNNNNNNNNNNNN,TTTTGAAGGT,ACTTTTTGAAGGTAAA
Apistogramma gossei,Apistogramma,Cichlidae,Perciformes,CTCCGACCACCACCCATACTTTTTGAAGGTAAAGGAGAGACAAGTCGTAANNNNNNNNNNNNNNNNNNNN,CTTTTTGAAG,ATACTTTTTGAAGGTA
Apistogramma gossei,Apistogramma,Cichlidae,Perciformes,CTCCTCTCAACTCACAACTTAGTATTTAACACATTAACATGAATTCGGGGGGGCAAGTCGTAANNNNNNN,GGGGGGGCAA,TTCGGGGGGGCAAGTC
Apteronotus albifrons,Apteronotus,Apteronotidae,Gymnotiformes,CTCCTCTCAACTCACAACTTAGTATTTAACACATTAACATGAATTCGGGGGGGCAAGTCGTAANNNNNNN,ATGAATTCGG,AACATGAATTCGGGGG
Apteronotus albifrons,Apteronotus,Apteronotidae,Gymnotiformes,CTCCTCTCAACTCACAACTTAGTATTTAACACATTAACATGAATTCGGGGGGGCAAGTCGTAANNNNNNN,AACTCACAAC,CTCAACTCACAACTTA
Apteronotus albifrons,Apteronotus,Apteronotidae,Gymnotiformes,CCCCAACAAAACTAAACTAAGTAAATAACCAATAAATTATACTAACGGGGAGATAAGTCGTAANNNNNNN,ATAACCAATA,TAAATAACCAATAAAT
Astyanax bimaculatus,Astyanax,Characidae,Characiformes,CCCCAACAAAACTAAACTAAGTAAATAACCAATAAATTATACTAACGGGGAGATAAGTCGTAANNNNNNN,ACTAACGGGG,TATACTAACGGGGAGA
Astyanax bimaculatus,Astyanax,Characidae,Characiformes,CCCCAACAAAACTAAACTAAGTAAATAACCAATAAATTATACTAACGGGGAGATAAGTCGTAANNNNNNN,TAAATTATAC,CAATAAATTATACTAA
Astyanax bimaculatus,Astyanax,Characidae,Characiformes,CCCCAATAAAAACTGAACTAAGTAAGTAACCAATAAATTATACTAACGGGGAGATAAGTCGTANNNNNNN,TAAGTAACCA,AAGTAAGTAACCAATA
Astyanax validus,Astyanax,Characidae,Characiformes,CCCCAATAAAAACTGAACTAAGTAAGTAACCAATAAATTATACTAACGGGGAGATAAGTCGTANNNNNNN,AGTAAGTAAC,CTAAGTAAGTAACCAA
Astyanax validus,Astyanax,Characidae,Characiformes,CCCCAATAAAAACTGAACTAAGTAAGTAACCAATAAATTATACTAACGGGGAGATAAGTCGTANNNNNNN,GGGAGATAAG,ACGGGGAGATAAGTCG
Astyanax validus,Astyanax,Characidae,Characiformes,CCCCTCATGTACACAATTAAAATATTCCTAATAATACACCTGTCAACACGGGGAGGCAAGTCGTAANNNN,ACACAATTAA,TGTACACAATTAAAAT
Auchenipterus nuchalis,Auchenipterus,Auchenipteridae,Siluriformes,CCCCTCATGTACACAATTCAAATATTCCTAATAATACACCTGTCAACACGGGGAGGCAAGTCGTAANNNN,AATATTCCTA,TCAAATATTCCTAATA
Auchenipterus nuchalis,Auchenipterus,Auchenipteridae,Siluriformes,CCCCTCATGTACACAATTCAAATATTCCTAATAATACACCTGTCAACACGGGGAGGCAAGTCGTAANNNN,TATTCCTAAT,AAATATTCCTAATAAT
Auchenipterus nuchalis,Auchenipterus,Auchenipteridae,Siluriformes,CCCCCACCAAATAAACTCAACAAACTTTTTAAAACCACAACTAACAGCACGGGGAGGCAAGTCGTAANNN,AACAGCACGG,ACTAACAGCACGGGGA
Batrochoglanis raninus,Batrochoglanis,Pseudopimelodidae,Siluriformes,CCCCCACCAAATAAACTCAACAAACTTTTTAAAACCACAACTAACAGCACGGGGAGGCAAGTCGTAANNN,CAGCACGGGG,TAACAGCACGGGGAGG
Batrochoglanis raninus,Batrochoglanis,Pseudopimelodidae,Siluriformes,CCCCCACCAAATAAACTCAACAAACTTTTTAAAACCACAACTAACAGCACGGGGAGGCAAGTCGTAANNN,CCCCCACCAA,CCCCCACCAAATA
Batrochoglanis raninus,Batrochoglanis,Pseudopimelodidae,Siluriformes,CCCCGACAACCAACAACCAGGTAAATAACCAGACATACTCAAGATAAGGGGAGGCAAGTCGTANNNNNNN,GGGAGGCAAG,AAGGGGAGGCAAGTCG
Bivibranchia bimaculata,Bivibranchia,Hemiodontidae,Characiformes,CCCCGACAACCAACAACCAGGTAAATAACCAGACATACTCAAGATAAGGGGAGGCAAGTCGTANNNNNNN,CCCCGACAAC,CCCCGACAACCAA
Bivibranchia bimaculata,Bivibranchia,Hemiodontidae,Characiformes,CCCCGACAACCAACAACCAGGTAAATAACCAGACATACTCAAGATAAGGGGAGGCAAGTCGTANNNNNNN,CAACAACCAG,AACCAACAACCAGGTA
Bivibranchia bimaculata,Bivibranchia,Hemiodontidae,Characiformes,CCCTATTCAACTACTAACAACTATATAAATATAAATATATGATCCAGGGAGGAAAGTCGTAANNNNNNNN,TCAACTACTA,TATTCAACTACTAACA
Brachyhypopomus beebei,Brachyhypopomus,Hypopomidae,Gymnotiformes,CCCTATTCAACTACTAACAACTATATAAATATAAATATATGATCCAGGGAGGAAAGTCGTAANNNNNNNN,AACTATATAA,AACAACTATATAAATA
Brachyhypopomus beebei,Brachyhypopomus,Hypopomidae,Gymnotiformes,CCCTATTCAACTACTAACAACTATATAAATATAAATATATGATCCAGGGAGGAAAGTCGTAANNNNNNNN,GATCCAGGGA,TATGATCCAGGGAGGA
Brachyhypopomus beebei,Brachyhypopomus,Hypopomidae,Gymnotiformes,CCCCATTTATATTTATAACCATTTAAATAAAAAAATAACCCAGAAAGCGGGGAGGCAAGTCGTAANNNNN,GGGGAGGCAA,AGCGGGGAGGCAAGTC
Bryconamericus aff. hyphesson,Bryconamericus,Characidae,Characiformes,CCCCATTTATATTTATAACCATTTAAATAAAAAAATAACCCAGAAAGCGGGGAGGCAAGTCGTAANNNNN,CCCAGAAAGC,TAACCCAGAAAGCGGG
Bryconamericus aff. hyphesson,Bryconamericus,Characidae,Characiformes,CCCCATTTATATTTATAACCATTTAAATAAAAAAATAACCCAGAAAGCGGGGAGGCAAGTCGTAANNNNN,CCCCATTTAT,CCCCATTTATATT
Bryconamericus aff. hyphesson,Bryconamericus,Characidae,Characiformes,CCCCATTTTATATTTATAACCATTTAAATAAAAAAATAACCCAGAAAGCGGGGAGGCAAGTCGTAANNNN,AAAGCGGGGA,CAGAAAGCGGGGAGGC
Bryconamericus guyanensis,Bryconamericus,Characidae,Characiformes,CCCCATTTTATATTTATAACCATTTAAATAAAAAAATAACCCAGAAAGCGGGGAGGCAAGTCGTAANNNN,AGCGGGGAGG,GAAAGCGGGGAGGCAA
Bryconamericus guyanensis,Bryconamericus,Characidae,Characiformes,CCCCATTTTATATTTATAACCATTTAAATAAAAAAATAACCCAGAAAGCGGGGAGGCAAGTCGTAANNNN,TATAACCATT,ATTTATAACCATTTAA
Bryconamericus guyanensis,Bryconamericus,Characidae,Characiformes,CCCCATTKTATATTTATAACCATTTAAATAAAAAGACGACCCAAAAAGCGGGGAGGCAAGTCGTAANNNN,CGGGGAGGCA,AAGCGGGGAGGCAAGT
Bryconamericus heteresthes,Bryconamericus,Characidae,Characiformes,CCCCATTKTATATTTATAACCATTTAAATAAAAAGACGACCCAAAAAGCGGGGAGGCAAGTCGTAANNNN,CGACCCAAAA,AGACGACCCAAAAAGC
Bryconamericus heteresthes,Bryconamericus,Characidae,Characiformes,CCCCATTKTATATTTATAACCATTTAAATAAAAAGACGACCCAAAAAGCGGGGAGGCAAGTCGTAANNNN,TTTATAACCA,ATATTTATAACCATTT
Bryconamericus heteresthes,Bryconamericus,Characidae,Characiformes,CCCCTCCCGCACATTTTAATGCAACTACGGGGAGGCAAGTCGTAANNNNNNNNNNNNNNNNNNNNNNNNN,GCAACTACGG,AATGCAACTACGGGGA
Bryconops aff. melanurus,Bryconops,Iguanodectidae,Characiformes,CCCCTCCCGCACATTTTAATGCAACTACGGGGAGGCAAGTCGTAANNNNNNNNNNNNNNNNNNNNNNNNN,NNNNNNNNNN,TAANNNNNNNNNNNNN
Bryconops aff. melanurus,Bryconops,Iguanodectidae,Characiformes,CCCCTCCCGCACATTTTAATGCAACTACGGGGAGGCAAGTCGTAANNNNNNNNNNNNNNNNNNNNNNNNN,ATTTTAATGC,CACATTTTAATGCAAC
Bryconops aff. melanurus,Bryconops,Iguanodectidae,Characiformes,CCCCTCCGCGCATATTGCAATTTCGGGGAGGCAAGTCGTANNNNNNNNNNNNNNNNNNNNNNNNNNNNNN,CCCCTCCGCG,CCCCTCCGCGCAT
Bryconops affinis,Bryconops,Iguanodectidae,Characiformes,CCCCTCCGCGCATATTGCAATTTCGGGGAGGCAAGTCGTANNNNNNNNNNNNNNNNNNNNNNNNNNNNNN,NNNNNNNNNN,GTANNNNNNNNNNNNN
Bryconops affinis,Bryconops,Iguanodectidae,Characiformes,CCCCTCCGCGCATATTGCAATTTCGGGGAGGCAAGTCGTANNNNNNNNNNNNNNNNNNNNNNNNNNNNNN,NNNNNNNNNN,GTANNNNNNNNNNNNN
Bryconops affinis,Bryconops,Iguanodectidae,Characiformes,CCCCCCCGCACACTTTAATGCAACTTCGGGGAGATAAGTCGTAANNNNNNNNNNNNNNNNNNNNNNNNNN,NNNNNNNNNN,TAANNNNNNNNNNNNN
Bryconops melanurus,Bryconops,Iguanodectidae,Characiformes,CCCCCCCGCACACTTTAATGCAACTTCGGGGAGATAAGTCGTAANNNNNNNNNNNNNNNNNNNNNNNNNN,NNNNNNNNNN,TAANNNNNNNNNNNNN
Bryconops melanurus,Bryconops,Iguanodectidae,Characiformes,CCCCCCCGCACACTTTAATGCAACTTCGGGGAGATAAGTCGTAANNNNNNNNNNNNNNNNNNNNNNNNNN,NNNNNNNNNN,TAANNNNNNNNNNNNN
Bryconops melanurus,Bryconops,Iguanodectidae,Characiformes,CCCCACAACATACAAACTCCTAATAAATAATAATATAAGAAAAATCACGGGGAGGCAAGTCGTAANNNNN,CAAACTCCTA,ATACAAACTCCTAATA
Bunocephalus aloike,Bunocephalus,Aspredinidae,Siluriformes,CCCCACAACATACAAACTCCTAATAAATAATAATATAAGAAAAATCACGGGGAGGCAAGTCGTAANNNNN,AGGCAAGTCG,GGGAGGCAAGTCGTAA
Bunocephalus aloike,Bunocephalus,Aspredinidae,Siluriformes,CCCCACAACATACAAACTCCTAATAAATAATAATATAAGAAAAATCACGGGGAGGCAAGTCGTAANNNNN,TACAAACTCC,ACATACAAACTCCTAA
Bunocephalus aloike,Bunocephalus,Aspredinidae,Siluriformes,CCCCACAATAAACAAATTCCTCATATATAATAACATAAAAAAATTACGGGGAGGCAAGTCGTAANNNNNN,ATAATAACAT,TATATAATAACATAAA
Bunocephalus coracoideus,Bunocephalus,Aspredinidae,Siluriformes,CCCCACAATAAACAAATTCCTCATATATAATAACATAAAAAAATTACGGGGAGGCAAGTCGTAANNNNNN,TACGGGGAGG,AATTACGGGGAGGCAA
Bunocephalus coracoideus,Bunocephalus,Aspredinidae,Siluriformes,CCCCACAATAAACAAATTCCTCATATATAATAACATAAAAAAATTACGGGGAGGCAAGTCGTAANNNNNN,AATTCCTCAT,ACAAATTCCTCATATA
Bunocephalus coracoideus,Bunocephalus,Aspredinidae,Siluriformes,CCCCTTAACTCAAAACTTAGTAAATAACTTCACATAACATTTATTCGGGGAGGCAAGTCGTAANNNNNNN,AGTAAATAAC,CTTAGTAAATAACTTC
Carnegiella strigata,Carnegiella,Gasteropelecidae,Characiformes,CCCCTTAACTCAAAACTTAGTAAATAACTTCACATAACATTTATTCGGGGAGGCAAGTCGTAANNNNNNN,AACTCAAAAC,CTTAACTCAAAACTTA
Carnegiella strigata,Carnegiella,Gasteropelecidae,Characiformes,CCCCTTAACTCAAAACTTAGTAAATAACTTCACATAACATTTATTCGGGGAGGCAAGTCGTAANNNNNNN,ATTCGGGGAG,TTTATTCGGGGAGGCA
Carnegiella strigata,Carnegiella,Gasteropelecidae,Characiformes,CCCCCACATAAAATAATAAAATAACTAATAATATACAATCAAACCCGGGGAGGCAAGTCGTAANNNNNNN,AAACCCGGGG,ATCAAACCCGGGGAGG
Cetopsidium orientale,Cetopsidium,Cetopsidae,Siluriformes,CCCCCACATAAAATAATAAAATAACTAATAATATACAATCAAACCCGGGGAGGCAAGTCGTAANNNNNNN,ACCCGGGGAG,CAAACCCGGGGAGGCA
Cetopsidium orientale,Cetopsidium,Cetopsidae,Siluriformes,CCCCCACATAAAATAATAAAATAACTAATAATATACAATCAAACCCGGGGAGGCAAGTCGTAANNNNNNN,AATCAAACCC,TACAATCAAACCCGGG
Cetopsidium orientale,Cetopsidium,Cetopsidae,Siluriformes,CCCCATCACCCAATAACCAAGTAAATAACAACAAACCAATGAAAGCGGGGAGGCAAGTCGTAANNNNNNN,AACAACAAAC,AATAACAACAAACCAA
Chalceus macrolepidotus,Chalceus,Characidae,Characiformes,CCCCATCACCCAATAACCAAGTAAATAACAACAAACCAATGAAAGCGGGGAGGCAAGTCGTAANNNNNNN,CCATCACCCA,CCCCATCACCCAATA
Chalceus macrolepidotus,Chalceus,Characidae,Characiformes,CCCCATCACCCAATAACCAAGTAAATAACAACAAACCAATGAAAGCGGGGAGGCAAGTCGTAANNNNNNN,ATGAAAGCGG,CCAATGAAAGCGGGGA
Chalceus macrolepidotus,Chalceus,Characidae,Characiformes,CCCCTACCCCACTATTAAAGTAAATAACCACATTATACATCACACACGGGGAGGCAAGTCGTAANNNNNN,AAAGTAAATA,ATTAAAGTAAATAACC
Characidium zebra,Characidium,Crenuchidae,Characiformes,CCCCTACCCCACTATTAAAGTAAATAACCACATTATACATCACACACGGGGAGGCAAGTCGTAANNNNNN,ACTATTAAAG,CCCACTATTAAAGTAA
Characidium zebra,Characidium,Crenuchidae,Characiformes,CCCCTACCCCACTATTAAAGTAAATAACCACATTATACATCACACACGGGGAGGCAAGTCGTAANNNNNN,TAAATAACCA,AAGTAAATAACCACAT
Characidium zebra,Characidium,Crenuchidae,Characiformes,CCCTAACTTAAAATCTAACTCTTTAACGTAAATAACCAGATAAACCTAAAAGCAGGGAGGCAAGTCGTAA,CTAACTTAAA,CCCTAACTTAAAATC
Charax gibbosus,Charax,Characidae,Characiformes,CCCTAACTTAAAATCTAACTCTTTAACGTAAATAACCAGATAAACCTAAAAGCAGGGAGGCAAGTCGTAA,CTAACTCTTT,AATCTAACTCTTTAAC
Charax gibbosus,Charax,Characidae,Characiformes,CCCTAACTTAAAATCTAACTCTTTAACGTAAATAACCAGATAAACCTAAAAGCAGGGAGGCAAGTCGTAA,CTTTAACGTA,ACTCTTTAACGTAAAT
Charax gibbosus,Charax,Characidae,Characiformes,CCCTAACTTAAATATAACACTTTAACGTATATAACCAAATAAACCCGAAAGCAGGGAGGCAAGTCGTAAN,GAAAGCAGGG,CCCGAAAGCAGGGAGG
Charax niger,Charax,Characidae,Characiformes,CCCTAACTTAAATATAACACTTTAACGTATATAACCAAATAAACCCGAAAGCAGGGAGGCAAGTCGTAAN,ATAAACCCGA,CAAATAAACCCGAAAG
Charax niger,Charax,Characidae,Characiformes,CCCTAACTTAAATATAACACTTTAACGTATATAACCAAATAAACCCGAAAGCAGGGAGGCAAGTCGTAAN,TAAATATAAC,ACTTAAATATAACACT
Charax niger,Charax,Characidae,Characiformes,CCCTCGCACAGCACAAACCAAATAATACCCAATAACACAACTATTAACACGGGGAGGCAAGTCGTAANNN,ACAAACCAAA,AGCACAAACCAAATAA
Chasmocranus brevior,Chasmocranus,Heptapteridae,Siluriformes,CCCTCACAAAACAAAACAAATAATACCCAATAACACAACTATTAACACGGGGAGGCAAGTCGTAANNNNN,GGGGAGGCAA,CACGGGGAGGCAAGTC
Chasmocranus brevior,Chasmocranus,Heptapteridae,Siluriformes,CCCTCACAAAACAAAACAAATAATACCCAATAACACAACTATTAACACGGGGAGGCAAGTCGTAANNNNN,ACACGGGGAG,TTAACACGGGGAGGCA
Chasmocranus brevior,Chasmocranus,Heptapteridae,Siluriformes,CCCCATATAAACACACCAAATAATCTCTAATAATACAACCACCAGCACGGGGAGGCAAGTCGTANNNNNN,ACCAAATAAT,CACACCAAATAATCTC
Chasmocranus longior,Chasmocranus,Heptapteridae,Siluriformes,CCCCATATAAACACACCAAATAATCTCTAATAATACAACCACCAGCACGGGGAGGCAAGTCGTANNNNNN,ATAAACACAC,CATATAAACACACCAA
Chasmocranus longior,Chasmocranus,Heptapteridae,Siluriformes,CCCCATATAAACACACCAAATAATCTCTAATAATACAACCACCAGCACGGGGAGGCAAGTCGTANNNNNN,ATCTCTAATA,ATAATCTCTAATAATA
Chasmocranus longior,Chasmocranus,Heptapteridae,Siluriformes,CCCCCCAAAAATTACTTCAGTAAATAACCCATAAAATAAAAACCCGGGGAGGCAAGTCGTAANNNNNNNN,CCCCCCAAAA,CCCCCCAAAAATT
Chilodus zunevei,Chilodus,Chilodontidae,Characiformes,CCCCCCAAAAATTACTTCAGTAAATAACCCATAAAATAAAAACCCGGGGAGGCAAGTCGTAANNNNNNNN,CTTCAGTAAA,TTACTTCAGTAAATAA
Chilodus zunevei,Chilodus,Chilodontidae,Characiformes,CCCCCCAAAAATTACTTCAGTAAATAACCCATAAAATAAAAACCCGGGGAGGCAAGTCGTAANNNNNNNN,TACTTCAGTA,AATTACTTCAGTAAAT
Chilodus zunevei,Chilodus,Chilodontidae,Characiformes,CCCCAAGCCAACAACATTTCTAATTCATAATATCCCTTTCCGGTAAAGGGGAGGCAAGTCGTAANNNNNN,TATCCCTTTC,TAATATCCCTTTCCGG
Cichla ocellaris,Cichla,Cichlidae,Perciformes,CCCCAAGCCAACAACATTTCTAATTCATAATATCCCTTTCCGGTAAAGGGGAGGCAAGTCGTAANNNNNN,CAACAACATT,AGCCAACAACATTTCT
Cichla ocellaris,Cichla,Cichlidae,Perciformes,CCCCAAGCCAACAACATTTCTAATTCATAATATCCCTTTCCGGTAAAGGGGAGGCAAGTCGTAANNNNNN,AGGGGAGGCA,TAAAGGGGAGGCAAGT
Cichla ocellaris,Cichla,Cichlidae,Perciformes,CCCTGTCCCCATAACTTAAAGACTAAGCATGTCTTTTCCGGTAAAAGGGAGGCAAGTCGTAANNNNNNNN,GGGAGGCAAG,AAAGGGAGGCAAGTCG
Cichlasoma bimaculatum,Cichlasoma,Cichlidae,Perciformes,CCCTGTCCCCATAACTTAAAGACTAAGCATGTCTTTTCCGGTAAAAGGGAGGCAAGTCGTAANNNNNNNN,CCCTGTCCCC,CCCTGTCCCCATA
Cichlasoma bimaculatum,Cichlasoma,Cichlidae,Perciformes,CCCTGTCCCCATAACTTAAAGACTAAGCATGTCTTTTCCGGTAAAAGGGAGGCAAGTCGTAANNNNNNNN,AAAAGGGAGG,GGTAAAAGGGAGGCAA
Cichlasoma bimaculatum,Cichlasoma,Cichlidae,Perciformes,CCCTGGCCCGATACTTTAAGTATTTCCTTTTCGGTATAAGGGAGGCAAGTCGTANNNNNNNNNNNNNNNN,TCGGTATAAG,TTTTCGGTATAAGGGA
Cleithracara maronii,Cleithracara,Cichlidae,Perciformes,CCCTGGCCCGATACTTTAAGTATTTCCTTTTCGGTATAAGGGAGGCAAGTCGTANNNNNNNNNNNNNNNN,CGATACTTTA,GCCCGATACTTTAAGT
Cleithracara maronii,Cleithracara,Cichlidae,Perciformes,CCCTGGCCCGATACTTTAAGTATTTCCTTTTCGGTATAAGGGAGGCAAGTCGTANNNNNNNNNNNNNNNN,NNNNNNNNNN,GTANNNNNNNNNNNNN
Cleithracara maronii,Cleithracara,Cichlidae,Perciformes,CCTCACCACCCAACATATATGTAAAAACCAATAAGTTAGTGAAACGAGGAGGCAAGTCGTANNNNNNNNN,GTTAGTGAAA,TAAGTTAGTGAAACGA
Copella carsevennensis,Copella,Lebiasinidae,Characiformes,CCTCACCACCCAACACATATGTAAAAACCAATAAGTTAGTGAAACGAGGAGGCAAGTCGTAANNNNNNNN,CAACACATAT,ACCCAACACATATGTA
Copella carsevennensis,Copella,Lebiasinidae,Characiformes,CCTCACCACCCAACATATATGTAAAAACCAATAAGTTAGTGAAACGAGGAGGCAAGTCGTANNNNNNNNN,TCACCACCCA,CCTCACCACCCAACA
Copella carsevennensis,Copella,Lebiasinidae,Characiformes,CCCCCGCATAAAACCCAAACGATAAATAATTCATCAAAATAATACATCGGGGAGGCAAGTCGTAANNNNN,CCCCCGCATA,CCCCCGCATAAAA
Corydoras oiapoquensis,Corydoras,Callichthyidae,Siluriformes,CCCCCGCATAAAACCCAAACGATAAATAATTCATCAAAATAATACATCGGGGAGGCAAGTCGTAANNNNN,ACGATAAATA,CAAACGATAAATAATT
Corydoras oiapoquensis,Corydoras,Callichthyidae,Siluriformes,CCCCCGCATAAAACCCAAACGATAAATAATTCATCAAAATAATACATCGGGGAGGCAAGTCGTAANNNNN,GGAGGCAAGT,CGGGGAGGCAAGTCGT
Corydoras oiapoquensis,Corydoras,Callichthyidae,Siluriformes,CCCCATCTTACCCATAACTAATTAAATAAAATATTAACCTATGAAACGGGGAGGCAAGTCGTAANNNNNN,CCCCATCTTA,CCCCATCTTACCC
Creagrutus melanzonus,Creagrutus,Characidae,Characiformes,CCCCATCTTACCCATAACTAATTAAATAAAATATTAACCTATGAAACGGGGAGGCAAGTCGTAANNNNNN,CGGGGAGGCA,AAACGGGGAGGCAAGT
Creagrutus melanzonus,Creagrutus,Characidae,Characiformes,CCCCATCTTACCCATAACTAATTAAATAAAATATTAACCTATGAAACGGGGAGGCAAGTCGTAANNNNNN,TAAAATATTA,AAATAAAATATTAACC
Creagrutus melanzonus,Creagrutus,Characidae,Characiformes,CCCCCCCCCCACTATAATAAACATCTATTAATTTTATACACCTAAACTCCCATGGGGGARACAAGTCGTA,CCCCCCCCCC,CCCCCCCCCCACT
Crenicichla albopunctata,Crenicichla,Cichlidae,Perciformes,CCCCCCCATAATAAACATCTATTACCTTTATACACCTAAATTCCCATGGGGGAGACAAGTCGTAANNNNN,CCTAAATTCC,ACACCTAAATTCCCAT
Crenicichla albopunctata,Crenicichla,Cichlidae,Perciformes,CCCCCCCCCCACTATAATAAACATCTATTAATTTTATACACCTAAACTCCCATGGGGGARACAAGTCGTA,CCCCCCCCCC,CCCCCCCCCCACT
Crenicichla albopunctata,Crenicichla,Cichlidae,Perciformes,CCCCCCACCCAACACACACCCATAACTTTTATACACCCTCTAACTCCGGGGGGAGACAAGTCGTAANNNN,TAACTCCGGG,CTCTAACTCCGGGGGG
Crenicichla johanna,Crenicichla,Cichlidae,Perciformes,CCCCCCACCCAACACACACCCATAACTTTTATACACCCTCTAACTCCGGGGGGAGACAAGTCGTAANNNN,CCCATAACTT,ACACCCATAACTTTTA
Crenicichla johanna,Crenicichla,Cichlidae,Perciformes,CCCCCCACCCAACACACACCCATAACTTTTATACACCCTCTAACTCCGGGGGGAGACAAGTCGTAANNNN,CCCATAACTT,ACACCCATAACTTTTA
Crenicichla johanna,Crenicichla,Cichlidae,Perciformes,CCCCAGACTCAACATAAACCCATAACTCTTATTCATCATCAAACCCCACGGGGAGACAAGTCGTAANNNN,CACGGGGAGA,CCCCACGGGGAGACAA
Crenicichla multispinosa,Crenicichla,Cichlidae,Perciformes,CCCCAGACTCAACATAAACCCATAACTCTTATTCATCATCAAACCCCACGGGGAGACAAGTCGTAANNNN,TCATCATCAA,TATTCATCATCAAACC
Crenicichla multispinosa,Crenicichla,Cichlidae,Perciformes,CCCCAGACTCAACATAAACCCATAACTCTTATTCATCATCAAACCCCACGGGGAGACAAGTCGTAANNNN,TAACTCTTAT,CCATAACTCTTATTCA
Crenicichla multispinosa,Crenicichla,Cichlidae,Perciformes,CCCCCACATAATTAATACATCTATTACTTTTATACACCTAAATTCCCAGGGGGGAGACAAGTCGTAANNN,GGGGGGAGAC,CCAGGGGGGAGACAAG
Crenicichla saxatilis,Crenicichla,Cichlidae,Perciformes,CCCCCCCCCCAAATAAACATCTATTACTTTTATACACCTAAATTCCCACGGGGGAGACAAGTCGTAANNN,TTCCCACGGG,AAATTCCCACGGGGGA
Crenicichla saxatilis,Crenicichla,Cichlidae,Perciformes,CCCCCCACTAAATAAACATCTATTACTTTTATACACCTAAATTCCCATGGGGGAGACAAGTCGTAANNNN,GGGGGAGACA,CATGGGGGAGACAAGT
Crenicichla saxatilis,Crenicichla,Cichlidae,Perciformes,CCCCCCCCACTAAATAAACATCTATTACTTTTATACACCTAAATTCCCATGGGGGAGACAAGTCGTAANN,TAAATAAACA,CACTAAATAAACATCT
Crenicichla saxatillis,Crenicichla,Cichlidae,Perciformes,CCCCCCCCACTAAATAAACATCTATTACTTTTATACACCTAAATTCCCATGGGGGAGACAAGTCGTAANN,TATTACTTTT,ATCTATTACTTTTATA
Crenicichla saxatillis,Crenicichla,Cichlidae,Perciformes,CCCCCCCCACTAAATAAACATCTATTACTTTTATACACCTAAATTCCCATGGGGGAGACAAGTCGTAANN,AATAAACATC,CTAAATAAACATCTAT
Crenicichla saxatillis,Crenicichla,Cichlidae,Perciformes,CCACAATACCCAATAAATTTATATAAATAATTCCACTACCTGGTATTTACTGAGGAGGCAAGTCGTAANN,ATAAATAATT,TATATAAATAATTCCA
Crenuchus spilurus,Crenuchus,Crenuchidae,Characiformes,CCACAATACCCAATAAATTTATATAAATAATTCCACTACCTGGTATTTACTGAGGAGGCAAGTCGTAANN,CCTGGTATTT,CTACCTGGTATTTACT
Crenuchus spilurus,Crenuchus,Crenuchidae,Characiformes,CCACAATACCCAATAAATTTATATAAATAATTCCACTACCTGGTATTTACTGAGGAGGCAAGTCGTAANN,ACTACCTGGT,TCCACTACCTGGTATT
Crenuchus spilurus,Crenuchus,Crenuchidae,Characiformes,CCCCTTCCTACCACTACTAATTAATTATACCTAATTACTTTCATAAGACCACGGGGAGGCAAGTCGTAAN,TACCACTACT,TCCTACCACTACTAAT
Cteniloricaria platystoma,Cteniloricaria,Loricariidae,Siluriformes,CCCCTTCCTACCACTACTAATTAATTATACCTAATTACTTTCATAAGACCACGGGGAGGCAAGTCGTAAN,ACTACTAATT,ACCACTACTAATTAAT
Cteniloricaria platystoma,Cteniloricaria,Loricariidae,Siluriformes,CCCCTTCCTACCACCACTAATTAATTATACCTAATTATTTTCATAAGACCACGGGGAGGCAAGTCGTAAN,CCTACCACCA,CTTCCTACCACCACTA
Cteniloricaria platystoma,Cteniloricaria,Loricariidae,Siluriformes,CCCTATTTTAAGATAATATTAAGTATATAACCAAAAAGCCCCAAAAGCAGGGAGGCAAGTCGTANNNNNN,ATTTTAAGAT,CCTATTTTAAGATAAT
Cynopotamus essequibensis,Cynopotamus,Characidae,Characiformes,CCCTATTTTAAGATAATATTAAGTATATAACCAAAAAGCCCCAAAAGCAGGGAGGCAAGTCGTANNNNNN,AAGTATATAA,ATTAAGTATATAACCA
Cynopotamus essequibensis,Cynopotamus,Characidae,Characiformes,CCCTATTTTAAGATAATATTAAGTATATAACCAAAAAGCCCCAAAAGCAGGGAGGCAAGTCGTANNNNNN,ATAATATTAA,AAGATAATATTAAGTA
Cynopotamus essequibensis,Cynopotamus,Characidae,Characiformes,CCCCATTACCTAATATACCCAAGTAAATAACCAAATACACAACAAAGCGGGGAGGCAAGTCGTAANNNNN,ATTACCTAAT,CCCATTACCTAATATA
Cyphocharax gouldingi,Cyphocharax,Curimatidae,Characiformes,CCCCATTACCTAATATACCCAAGTAAATAACCAAATACACAACAAAGCGGGGAGGCAAGTCGTAANNNNN,CCCCATTACC,CCCCATTACCTAA
Cyphocharax gouldingi,Cyphocharax,Curimatidae,Characiformes,CCCCATTACCTAATATACCCAAGTAAATAACCAAATACACAACAAAGCGGGGAGGCAAGTCGTAANNNNN,ATACCCAAGT,AATATACCCAAGTAAA
Cyphocharax gouldingi,Cyphocharax,Curimatidae,Characiformes,CCCCATTACCCAATACAACCAAGTAAATAACCAAATACACAACAAAGCGGGGAGGCAAGTCGTAANNNNN,GGAGGCAAGT,CGGGGAGGCAAGTCGT
Cyphocharax spilurus,Cyphocharax,Curimatidae,Characiformes,CCCCATTACCCAATACAACCAAGTAAATAACCAAATACACAACAAAGCGGGGAGGCAAGTCGTAANNNNN,TACCCAATAC,CATTACCCAATACAAC
Cyphocharax spilurus,Cyphocharax,Curimatidae,Characiformes,CCCCATTACCCAATACAACCAAGTAAATAACCAAATACACAACAAAGCGGGGAGGCAAGTCGTAANNNNN,CCCCATTACC,CCCCATTACCCAA
Cyphocharax spilurus,Cyphocharax,Curimatidae,Characiformes,CCCCTTAAATTTAATAACACACATCCATAATAACACAAACATCACCGCGGGGAGGCAAGTCGTANNNNNN,AGGCAAGTCG,GGGAGGCAAGTCGTAN
Doras carinatus,Doras,Doradidae,Siluriformes,CCCCTTAAATTTAATAACACACATCCATAATAACACAAACATCACCGCGGGGAGGCAAGTCGTAANNNNN,GCGGGGAGGC,ACCGCGGGGAGGCAAG
Doras carinatus,Doras,Doradidae,Siluriformes,CCCCTTAAATTTAATAACACACATCCATAATAACACAAACATCACCGCGGGGAGGCAAGTCGTAANNNNN,CCTTAAATTT,CCCCTTAAATTTAAT
Doras carinatus,Doras,Doradidae,Siluriformes,CCCCTCCCACAACCACAAAAAGCTATATAACACAACCTCTTACACCAAGGGGAGGCAAGTCGTAANNNNN,CACAACCTCT,TAACACAACCTCTTAC
Eigenmannia virescens,Eigenmannia,Sternopygidae,Gymnotiformes,CCCCTCATTAACTATACAAAGCTATATAACACAACCTCTTATATTAAGGGGAGGCAAGTCGTAANNNNNN,CCCCTCATTA,CCCCTCATTAACT
Eigenmannia virescens,Eigenmannia,Sternopygidae,Gymnotiformes,CCCCTCATTAATTATACAAAGCTATATAACACAACCTCTTATACTAAGGGGAGGCAAGTCGTAANNNNNN,CCTCTTATAC,CAACCTCTTATACTAA
Eigenmannia virescens,Eigenmannia,Sternopygidae,Gymnotiformes,CCCCTAATTTTCTAATATTTGTAACTAACCAACTAATCTACCCTCGGGGAGGCAAGTCGTAANNNNNNNN,CCCCTAATTT,CCCCTAATTTTCT
Electrophorus electricus,Electrophorus,Gymnotidae,Gymnotiformes,CCCCTAATTTTCTAATATTTGTAACTAACCAACTAATCTACCCTCGGGGAGGCAAGTCGTAANNNNNNNN,CCCCTAATTT,CCCCTAATTTTCT
Electrophorus electricus,Electrophorus,Gymnotidae,Gymnotiformes,CCCCTAATTTTCTAATATTTGTAACTAACCAACTAATCTACCCTCGGGGAGGCAAGTCGTAANNNNNNNN,CCCCTAATTT,CCCCTAATTTTCT
Electrophorus electricus,Electrophorus,Gymnotidae,Gymnotiformes,CCCCGAAAACAAAATTGAATATAAATAAGCCGCTATGAACATAGAGGGGAGGCAAGTCGTAANNNNNNNN,ATAAGCCGCT,TAAATAAGCCGCTATG
Eleotris pisonis,Eleotris,Eleotridae,Perciformes,CCCCGAAAACAAAATTGAATATAAATAAGCCGCTATGAACATAGAGGGGAGGCAAGTCGTAANNNNNNNN,ACAAAATTGA,AAAACAAAATTGAATA
Eleotris pisonis,Eleotris,Eleotridae,Perciformes,CCCCGAAAACAAAATTGAATATAAATAAGCCGCTATGAACATAGAGGGGAGGCAAGTCGTAANNNNNNNN,AAACAAAATT,CGAAAACAAAATTGAA
Eleotris pisonis,Eleotris,Eleotridae,Perciformes,CCCCATGCCCTCAACAAAACAGTAAATAACAAAACACAATAGCTTACGGGGAGGCAAGTCGTAANNNNNN,GCCCTCAACA,CATGCCCTCAACAAAA
Erythrinus erythrinus,Erythrinus,Erythrinidae,Characiformes,CCCCATGCCCTCAACAAAACAGTAAATAACAAAACACAATAGCTTACGGGGAGGCAAGTCGTAANNNNNN,CCCCATGCCC,CCCCATGCCCTCA
Erythrinus erythrinus,Erythrinus,Erythrinidae,Characiformes,CCCCATGCCCTCAACAAAACAGTAAATAACAAAACACAATAGCTTACGGGGAGGCAAGTCGTAANNNNNN,AGTCGTAANN,GCAAGTCGTAANNNNN
Erythrinus erythrinus,Erythrinus,Erythrinidae,Characiformes,CCCCTTCCTACTACTATTAACTAAATATACCTAAATACCCATATAAACCCACGGGGAGGCAAGTCGTANN,CCATATAAAC,TACCCATATAAACCCA
Farlowella reticulata,Farlowella,Loricariidae,Siluriformes,CCCCTTCCTACTACTATTAACTAAATATACCTAAATACCCATATAAACCCACGGGGAGGCAAGTCGTANN,AAATACCCAT,CCTAAATACCCATATA
Farlowella reticulata,Farlowella,Loricariidae,Siluriformes,CCCCTTCCTACTACTATTAACTAAATATACCTAAATACCCATATAAACCCACGGGGAGGCAAGTCGTANN,CCCCTTCCTA,CCCCTTCCTACTA
Farlowella reticulata,Farlowella,Loricariidae,Siluriformes,CCCCACAATATCTAAATTAGTAACTAACCCCATACTTTTTCTACGGGGAGGCAAGTCGTAANNNNNNNNN,CTTTTTCTAC,ATACTTTTTCTACGGG
Gasteropelecus sternicla,Gasteropelecus,Gasteropelecidae,Characiformes,CCCCACAATATCTAAATTAGTAACTAACCCCATACTTTTTCTACGGGGAGGCAAGTCGTAANNNNNNNNN,TTCTACGGGG,TTTTTCTACGGGGAGG
Gasteropelecus sternicla,Gasteropelecus,Gasteropelecidae,Characiformes,CCCCAAACCTACATAACGCTAGGTACATAACACATCTACCCGGTAAAGGGGAGGCAAGTCGTAANNNNNN,CGGTAAAGGG,ACCCGGTAAAGGGGAG
Gasteropelecus sternicla,Gasteropelecus,Gasteropelecidae,Characiformes,CCCCAAACCTACACAACGCTGGTACATAACACATCTACCCGGTAAAGGGGAGGCAAGTCGTAANNNNNNN,TACATAACAC,TGGTACATAACACATC
Geophagus camopiensis,Geophagus,Cichlidae,Perciformes,CCCCAAACCTACACAACGCTGGTACATAACACATCTACCCGGTAAAGGGGAGGCAAGTCGTAANNNNNNN,ACACATCTAC,ATAACACATCTACCCG
Geophagus camopiensis,Geophagus,Cichlidae,Perciformes,CCCCAGACCTACAAACACTAGATTCATAACACATCTATCCGGTAAAGGGGAGGCAAGTCGTAANNNNNNN,ATCCGGTAAA,TCTATCCGGTAAAGGG
Geophagus camopiensis,Geophagus,Cichlidae,Perciformes,CCCCAGACCTACAAACACTAGATTCATAACACATCTATCCGGTAAAGGGGAGGCAAGTCGTAANNNNNNN,CTACAAACAC,GACCTACAAACACTAG
Geophagus surinamensis,Geophagus,Cichlidae,Perciformes,CCCCAGACCTACAAACACTAGATTCATAACACATCTATCCGGTAAAGGGGAGGCAAGTCGTAANNNNNNN,GGAGGCAAGT,AGGGGAGGCAAGTCGT
Geophagus surinamensis,Geophagus,Cichlidae,Perciformes,CCCCAACGAACATAAACCCAATATATTTAATAAGTCACACATCAGCACGGGGAGGCAAGTCGTAANNNNN,AACCCAATAT,ATAAACCCAATATATT
Geophagus surinamensis,Geophagus,Cichlidae,Perciformes,CCCCAACGAACATAAACCCAATATATTTAATAAGTCACACATCAGCACGGGGAGGCAAGTCGTAANNNNN,CAATATATTT,ACCCAATATATTTAAT
Glanidium leopardum,Glanidium,Auchenipteridae,Siluriformes,CCCCAACGAACATAAACCCAATATATTTAATAAGTCACACATCAGCACGGGGAGGCAAGTCGTAANNNNN,AATAAGTCAC,TTTAATAAGTCACACA
Glanidium leopardum,Glanidium,Auchenipteridae,Siluriformes,CCCCTAACCAACTAAACCATAAATTCATAATACCCCTACCTGGTAAAGAGGAGAAAAGTCGTAANNNNNN,GAAAAGTCGT,GGAGAAAAGTCGTAAN
Glanidium leopardum,Glanidium,Auchenipteridae,Siluriformes,CCCCTAACCAACTAAACCATAAATTCATAATACCCCTACCTGGTAAAGAGGAGAAAAGTCGTAANNNNNN,ATAATACCCC,TTCATAATACCCCTAC
Guianacara geayi,Guianacara,Cichlidae,Perciformes,CCCCTAACCAACTAAACCATAAATTCATAATACCCCTACCTGGTAAAGAGGAGAAAAGTCGTAANNNNNN,ATAATACCCC,TTCATAATACCCCTAC
Guianacara geayi,Guianacara,Cichlidae,Perciformes,CCCCTAACCAACTAAACCCTAAATTCATAATACCCCTACCTGGTAAAGAGGARAAAAGTCGTAANNNNNN,AAAGAGGARA,GGTAAAGAGGARAAAA
Guianacara geayi,Guianacara,Cichlidae,Perciformes,CCCCTAACCAACTAAACCCTAAATTCATAATACCCCTACCTGGTAAAGAGGARAAAAGTCGTAANNNNNN,CAACTAAACC,AACCAACTAAACCCTA
Guianacara owroewefi,Guianacara,Cichlidae,Perciformes,CCCCTAACCAACTAAACCCTAAATTCATAATACCCCTACCTGGTAAAGAGGARAAAAGTCGTAANNNNNN,CCCCTAACCA,CCCCTAACCAACT
Guianacara owroewefi,Guianacara,Cichlidae,Perciformes,CCCCTTCCCATTTAACCAACCAAATATTTCTAATTCCATATACAAACCCACGGGGAGGCAAGTCGTAANN,CAAACCCACG,ATACAAACCCACGGGG
Guianacara owroewefi,Guianacara,Cichlidae,Perciformes,CCCCTTCCCATTTAACCAACCAAATATTTCTAATTCCATATACAAACCCACGGGGAGGCAAGTCGTAANN,CAAACCCACG,ATACAAACCCACGGGG
Guyanancistrus brevispinis,Guyanancistrus,Loricariidae,Siluriformes,CCCCTTCCCATTTAACCAACCAAATATTTCTAATCCCATATACAAACCTACGGGGAGGCAAGTCGTAANN,CAAATATTTC,AACCAAATATTTCTAA
Guyanancistrus brevispinis,Guyanancistrus,Loricariidae,Siluriformes,CCCTTTCCCATTTAACCAACTAAACATACCTAATTTCACATAAAAACCACGGGGAGGCAAGTCGTAANNN,ACCAACTAAA,TTAACCAACTAAACAT
Guyanancistrus brevispinis,Guyanancistrus,Loricariidae,Siluriformes,CCCTTTCCCATTTAACCAACTAAACATACCTAATTTCACATAAAAACCACGGGGAGGCAAGTCGTAANNN,CCCTTTCCCA,CCCTTTCCCATTT
Guyanancistrus longispinis,Guyanancistrus,Loricariidae,Siluriformes,CCCTTTCCCATTTAACCAACTAAACATACCTAATTTCACATAAAAACCACGGGGAGGCAAGTCGTAANNN,ACGGGGAGGC,ACCACGGGGAGGCAAG
Guyanancistrus longispinis,Guyanancistrus,Loricariidae,Siluriformes,TCCCGTCTAAAAATCTTCAGCTACTTAAACAACTAAACATCACATAGGGAAGGTAAGTCGTAANNNNNNN,CTTCAGCTAC,AATCTTCAGCTACTTA
Guyanancistrus longispinis,Guyanancistrus,Loricariidae,Siluriformes,TCCCGTCTAAAAATCTTCAGCTACTTAAACAACTAAACATCACATAGGGAAGGTAAGTCGTAANNNNNNN,TTAAACAACT,TACTTAAACAACTAAA
Gymnotus aff. coropinae,Gymnotus,Gymnotidae,Gymnotiformes,TCCCGTCTAAAAATCTTCAGCTACTTAAACAACTAAACATCACATAGGGAAGGTAAGTCGTAANNNNNNN,TCAGCTACTT,TCTTCAGCTACTTAAA
Gymnotus aff. coropinae,Gymnotus,Gymnotidae,Gymnotiformes,CCCCTCTAAACAACCCACAACAATACTTAAACACCACACATACCAGTAGGAGAGACAAGTCGTAANNNNN,AGACAAGTCG,GAGAGACAAGTCGTAA
Gymnotus aff. coropinae,Gymnotus,Gymnotidae,Gymnotiformes,CCCCTCTAAACAACCCACAACAATACTTAAACACCACACATACCAGTAGGAGAGACAAGTCGTAANNNNN,AGTAGGAGAG,ACCAGTAGGAGAGACA
Gymnotus anguillaris,Gymnotus,Gymnotidae,Gymnotiformes,CCCCTCTAAACAACCCACAACAATACTTAAACACCACACATACCAGTAGGAGAGACAAGTCGTAANNNNN,TAGGAGAGAC,CAGTAGGAGAGACAAG
Gymnotus anguillaris,Gymnotus,Gymnotidae,Gymnotiformes,TCCCGTCTAAAATCCCCCAATTACTTAAACAACGATACACCACATAGGGAAGGTAAGTCGTAANNNNNNN,AATCCCCCAA,TAAAATCCCCCAATTA
Gymnotus anguillaris,Gymnotus,Gymnotidae,Gymnotiformes,TCCCGTCTAAAATCCCCCAATTACTTAAACAACGATACACCACATAGGGAAGGTAAGTCGTAANNNNNNN,TAGGGAAGGT,ACATAGGGAAGGTAAG
Gymnotus coropinae,Gymnotus,Gymnotidae,Gymnotiformes,TCCCGTCTAAAATCCCCCAATTACTTAAACAACGATACACCACATAGGGAAGGTAAGTCGTAANNNNNNN,GTCTAAAATC,CCCGTCTAAAATCCCC
Gymnotus coropinae,Gymnotus,Gymnotidae,Gymnotiformes,CCCCTTTCCATTATCACTAACCAATTATAATTAATTATTAACATAAATTTACGGGGAGGCAAGTCGTANN,CATTATCACT,TTCCATTATCACTAAC
Gymnotus coropinae,Gymnotus,Gymnotidae,Gymnotiformes,CCCCTTTCCATTATCACTAACCAATTATAATTAATTATTAACATAAATTTACGGGGAGGCAAGTCGTANN,TTAATTATTA,TAATTAATTATTAACA
Harttia guianensis,Harttia,Loricariidae,Siluriformes,CCCCTTTCCATTATCACTAACCAATTATAATTAATTATTAACATAAATTTACGGGGAGGCAAGTCGTANN,ATTTACGGGG,TAAATTTACGGGGAGG
Harttia guianensis,Harttia,Loricariidae,Siluriformes,CCCCTATCTTACTACAAACTAATTATATTTAATTAATAAAACAAAACTACGGGGAGGCAAGTCGTAANNN,GGGGAGGCAA,TACGGGGAGGCAAGTC
Harttia guianensis,Harttia,Loricariidae,Siluriformes,CCCCTATCTTACTACAAACTAATTATATTTAATTAATAAAACAAAACTACGGGGAGGCAAGTCGTAANNN,CTACGGGGAG,AAACTACGGGGAGGCA
Harttiella longicauda,Harttiella,Loricariidae,Siluriformes,CCCCTATCTTACTACAAACTAATTATATTTAATTAATAAAACAAAACTACGGGGAGGCAAGTCGTAANNN,AACTACGGGG,CAAAACTACGGGGAGG
Harttiella longicauda,Harttiella,Loricariidae,Siluriformes,CCCCTGCCTACTATAAAACAATTATACTTAATTACTAACACAAAACTACGGGGAGGCAAGTCGTAANNNN,TACTAACACA,AATTACTAACACAAAA
Harttiella longicauda,Harttiella,Loricariidae,Siluriformes,CCCCTGCCTACTATAAAACAATTATACTTAATTACTAACACAAAACTACGGGGAGGCAAGTCGTAANNNN,CCCCTGCCTA,CCCCTGCCTACTA
Harttiella lucifer,Harttiella,Loricariidae,Siluriformes,CCCCTGCCTACTATAAAACAATTATACTTAATTACTAACACAAAACTACGGGGAGGCAAGTCGTAANNNN,TAATTACTAA,ACTTAATTACTAACAC
Harttiella lucifer,Harttiella,Loricariidae,Siluriformes,CCCCACAACCACCTAAGCCAATAATTAATAAAACAAAATGTTATACGGGGAGGCAAGTCGTAANNNNNNN,TTATACGGGG,ATGTTATACGGGGAGG
Harttiella lucifer,Harttiella,Loricariidae,Siluriformes,CCCCACAACCACCTAAGCCAATAATTAATAAAACAAAATGTTATACGGGGAGGCAAGTCGTAANNNNNNN,CCACAACCAC,CCCCACAACCACCTA
