Unnamed: 0,seq,species,genus,family,order,order_cat,family_cat,genus_cat,species_cat
396,cccccactatagttaaacgtctattatttttatacacctaatattccccggggggagacaagtcgtaa,Crenicichla saxatilis,Crenicichla,Cichlidae,Perciformes,12,16,48,44
389,cccccccaaataaacatctattacttttatacacctaaattcccatgggggagacaagtcgtaa,Crenicichla saxatilis,Crenicichla,Cichlidae,Perciformes,12,16,48,44
391,ccccccactaaataaacatctattacttttatacacctaaattcccatgggggagacaagtcgtaa,Crenicichla saxatilis,Crenicichla,Cichlidae,Perciformes,12,16,48,44
395,ccccccccactaaataaacatctatacttttatacacctaaattcccatggggagacaagtcgtaa,Crenicichla saxatilis,Crenicichla,Cichlidae,Perciformes,12,16,48,44
393,cccccacataattaatacatctattacttttatacacctaaattcccaggggggagacaagtcgtaa,Crenicichla saxatilis,Crenicichla,Cichlidae,Perciformes,12,16,48,44
392,ccccccccccaaataaacatctattacttttatacacctaaattcccacgggggagacaagtcgtaa,Crenicichla saxatilis,Crenicichla,Cichlidae,Perciformes,12,16,48,44
432,ccccccccccactataataaacatctattaattttatacacctaaactcccatggggaaracaagtcgtaa,Crenicichla albopunctata,Crenicichla,Cichlidae,Perciformes,12,16,48,41
382,cccccccataataaacatctattacctttatacacctaaattcccatgggggagacaagtcgtaa,Crenicichla albopunctata,Crenicichla,Cichlidae,Perciformes,12,16,48,41
383,cccccccccataataaacatctattacctttatacacctaaattcccatgggggagacaagtcgtaa,Crenicichla albopunctata,Crenicichla,Cichlidae,Perciformes,12,16,48,41
381,ccccccctataataaacatctattatttttatacacctaaattcccatgggggagacaagtcgtaa,Crenicichla albopunctata,Crenicichla,Cichlidae,Perciformes,12,16,48,41
380,ccccccccccaytaaataaacatctattacttttatacacctaaattcccatgggggagacaagtcgtaa,Crenicichla albopunctata,Crenicichla,Cichlidae,Perciformes,12,16,48,41
430,ccccccccccactataataaacatctattaattttatacacctaaactcccatgggggaracaagtcgtaa,Crenicichla albopunctata,Crenicichla,Cichlidae,Perciformes,12,16,48,41
347,cccctcccacaaccacaaaaagctatataacacaacctcttacaccaaggggaggcaagtcgtaa,Eigenmannia virescens,Eigenmannia,Sternopygidae,Gymnotiformes,7,50,60,52
343,cccctcattaattatacaaagctatataacacaacctcttatactaaggggaggcaagtcgtaa,Eigenmannia virescens,Eigenmannia,Sternopygidae,Gymnotiformes,7,50,60,52
344,cccctcattaactatacaaagctatataacacaacctcttatactaaggggaggcaagtcgtaa,Eigenmannia virescens,Eigenmannia,Sternopygidae,Gymnotiformes,7,50,60,52
334,cccctcattaactatacaaagctatataacacaacctcttatattaaggggaggcaagtcgtaa,Eigenmannia virescens,Eigenmannia,Sternopygidae,Gymnotiformes,7,50,60,52
342,cccctctcacaatcacaaaagctatataacacaacctcttacaccaaggggaggcaagtcgtaa,Eigenmannia virescens,Eigenmannia,Sternopygidae,Gymnotiformes,7,50,60,52
603,ccccataataccaacacaacattcctaatacttaaacaacaatacggggaggcaagtcgtaa,Rineloricaria aff. stewarti,Rineloricaria,Loricariidae,Siluriformes,14,34,165,144
608,ccccataataacaacacaacattcctaatacttaaacaacaatacggggaggcaagtcgtaa,Rineloricaria aff. stewarti,Rineloricaria,Loricariidae,Siluriformes,14,34,165,144
604,ccccattaccaccaacacaacatttctaatacttagacaacaatacggggaggcaagtcgtaa,Rineloricaria aff. stewarti,Rineloricaria,Loricariidae,Siluriformes,14,34,165,144
606,ccccataataccaacacaacatttctaatacttaaacaacaatacggggaggcaagtcgtaa,Rineloricaria aff. stewarti,Rineloricaria,Loricariidae,Siluriformes,14,34,165,144
605,ccccccttaatatcaacacaacattcctaatacttaaacaacaatacggggaggcaagtcgtaa,Rineloricaria aff. stewarti,Rineloricaria,Loricariidae,Siluriformes,14,34,165,144
526,cccctataacacaaaaaccaatatattaataagttaaccaataacacggggaggcaagtcgtaa,Rhamdia quelen,Rhamdia,Heptapteridae,Siluriformes,14,29,163,143
525,cccctattaacacaaaaaccaatatattaataattaaccaacaacatcggggaggcaagtcgtaa,Rhamdia quelen,Rhamdia,Heptapteridae,Siluriformes,14,29,163,143
527,cccctattaacacaaaaaccaatatattaataagttaaccaataacacggggaggcaagtcgtaa,Rhamdia quelen,Rhamdia,Heptapteridae,Siluriformes,14,29,163,143
528,cccctataacacaaaaaccaatatattaataagttaaccaataacacggggaggcaagtcgta,Rhamdia quelen,Rhamdia,Heptapteridae,Siluriformes,14,29,163,143
366,ccctgcccctctaacttaaagactaaacatatcttttccggtgaaagggaggcaagtcgtaa,Aequidens tetramerus,Aequidens,Cichlidae,Perciformes,12,16,3,3
365,ccctgaccctataacttaaagactagacacatcttttccggtgaaagggaggcaagtcgtaa,Aequidens tetramerus,Aequidens,Cichlidae,Perciformes,12,16,3,3
364,ccctaaccctataacttaaagaccagacatatctttccggtgaaagggaggcaagtcgtaa,Aequidens tetramerus,Aequidens,Cichlidae,Perciformes,12,16,3,3
367,ccctgaccctctaacttaaagactaaacatatcttttccggtgaaagggaggcaagtcgtaa,Aequidens tetramerus,Aequidens,Cichlidae,Perciformes,12,16,3,3
116,ccctaatctaagcaaatcaagttattaacaacacaatatgaaaaacggggnnnnnnnnnnnnn,Moenkhausia oligolepis,Moenkhausia,Characidae,Characiformes,2,14,115,117
273,ccctaatctaagcaaatcaagttattaacaacacaatatgaaaaacagggagataagtcgtaa,Moenkhausia oligolepis,Moenkhausia,Characidae,Characiformes,2,14,115,117
119,ccctaatctaaacaaatcaagttactaacaatacaacatgaaaaacagggagataagtcgtaa,Moenkhausia oligolepis,Moenkhausia,Characidae,Characiformes,2,14,115,117
118,ccctaatctgaacaaatcaagttactaacaacacaacatgaaaaacagggagataagtcgtaa,Moenkhausia oligolepis,Moenkhausia,Characidae,Characiformes,2,14,115,117
160,cccctatcccactattaaagtaaataaccacattatacatcacacacggggaggcaagtcgtaa,Characidium zebra,Characidium,Crenuchidae,Characiformes,2,17,37,29
163,cccctaccccactattaaagtaaataaccacattatacatcacacacggggaggcaagtcgtaa,Characidium zebra,Characidium,Crenuchidae,Characiformes,2,17,37,29
161,cccctaccccactatcaaagtaaataaccacattatacatcacacggggaggcaagtcgtaa,Characidium zebra,Characidium,Crenuchidae,Characiformes,2,17,37,29
162,cccctatcccactattaaagtaaataaccacattatatatcacacacggggaggcaagtcgtaa,Characidium zebra,Characidium,Crenuchidae,Characiformes,2,17,37,29
57,ccccaataaaaactgaactaagtaagtaaccaataaattatactaacggggagataagtcgta,Astyanax validus,Astyanax,Characidae,Characiformes,2,14,16,13
141,ccccaataaaaactaaattaagtaagtaaccattaattatactaacggggagataagtcgtaa,Astyanax validus,Astyanax,Characidae,Characiformes,2,14,16,13
54,ccccaataaaaactgaactaagtaagtaaccaataaattatactaacggggagataagtcgtaa,Astyanax validus,Astyanax,Characidae,Characiformes,2,14,16,13
56,ccccaataaaaactgaactaagtaagtaacctataaattatactaacggggagataagtcgtaa,Astyanax validus,Astyanax,Characidae,Characiformes,2,14,16,13
464,cccctcatgtacacaattaaaatattcctaataatacacctgtcaacacggggaggcaagtcgtaa,Auchenipterus nuchalis,Auchenipterus,Auchenipteridae,Siluriformes,14,7,17,14
462,cccctcatgtacacaattcaaatattcctaataatacacctgtcaacacggggaggcaagtcgtaa,Auchenipterus nuchalis,Auchenipterus,Auchenipteridae,Siluriformes,14,7,17,14
463,cccctcatgtacacaattcaaatattcctaataatatacctgtcaacacggggaggcaagtcgtaa,Auchenipterus nuchalis,Auchenipterus,Auchenipteridae,Siluriformes,14,7,17,14
475,cccctcatgtacacaattcaaatattcctaataatttacctgtcaacacggggaggcaagtcgtaa,Auchenipterus nuchalis,Auchenipterus,Auchenipteridae,Siluriformes,14,7,17,14
617,cccctcttaaactcttaaaaataattactaataagatagcctttatatacggggaggcaagtcgtaa,Pimelodus ornatus,Pimelodus,Pimelodidae,Siluriformes,14,38,135,133
618,cccctcttaaactcttaaaaataattactaataaaatagcctttatatacggggaggcaagtcgtaa,Pimelodus ornatus,Pimelodus,Pimelodidae,Siluriformes,14,38,135,133
619,cccctcttaaactcttaaaaaatgattactaataagacaacctttattatacggggaggcaagtcgtaa,Pimelodus ornatus,Pimelodus,Pimelodidae,Siluriformes,14,38,135,133
333,ccctatatacccgtcattacaattcctaaacacaaggcttcccgactctgggaggaaagtcgtaa,Hypopomus artedi,Hypopomus,Hypopomidae,Gymnotiformes,7,30,88,90
349,ccctatttaactgtcatcacaattcctaagcacaaggcctccagactctgggaggaaagtcgtaa,Hypopomus artedi,Hypopomus,Hypopomidae,Gymnotiformes,7,30,88,90
337,ccctatataaccgtcattacaattcctaaacacaaggcttcccgactctgggaggaaagtcgtaa,Hypopomus artedi,Hypopomus,Hypopomidae,Gymnotiformes,7,30,88,90
371,ctccaactaccacccatactttttgaaggtaaaggagagacaagtcgtaa,Apistogramma gossei,Apistogramma,Cichlidae,Perciformes,12,16,11,10
369,ctccaactaccatccatactttttgaaggtaaaggagagacaagtcgtaa,Apistogramma gossei,Apistogramma,Cichlidae,Perciformes,12,16,11,10
370,ctccgaccaccacccatactttttgaaggtaaaggagagacaagtcgtaa,Apistogramma gossei,Apistogramma,Cichlidae,Perciformes,12,16,11,10
510,ccccatataaacacaccaaataatctctaataatacaaccaccagcacggggaggcaagtcgtaa,Chasmocranus longior,Chasmocranus,Heptapteridae,Siluriformes,14,29,39,33
513,ccccatataaacacaccaaataatctctaataatacaaccaccagcacggggaggcaagtcgta,Chasmocranus longior,Chasmocranus,Heptapteridae,Siluriformes,14,29,39,33
512,ccccatataaacacaccaaataatctctaataatacagccaccagcacggggaggcaagtcgtaa,Chasmocranus longior,Chasmocranus,Heptapteridae,Siluriformes,14,29,39,33
535,ccccttcctattaaacctattaacatatctaatctcaaatacaaaaccacggggaggcaagtcgtaa,Ancistrus cf. leucostictus,Ancistrus,Loricariidae,Siluriformes,14,34,8,9
536,ccccttcctattaaacctatcaacgtatctatctcaaatacaaaaccacggggaggcaagtcgtaa,Ancistrus cf. leucostictus,Ancistrus,Loricariidae,Siluriformes,14,34,8,9
534,ccccttcctattaaacctatcaacgtatctaatctcaaatacaaaaccacggggaggcaagtcgtaa,Ancistrus cf. leucostictus,Ancistrus,Loricariidae,Siluriformes,14,34,8,9
108,ccccataaaatttaattcacagtagttaaccaaataaaaagaaaagcggggaggcaagtcgtaa,Moenkhausia georgiae,Moenkhausia,Characidae,Characiformes,2,14,115,116
111,ccccataaatttaattcacagtagttaaccaaataaaaagaaaagcggggaggcaagtcgtaa,Moenkhausia georgiae,Moenkhausia,Characidae,Characiformes,2,14,115,116
109,ccccataaatttaattcacagtagttaaccaaataaaaagaaaagcggggaggcaagtcgta,Moenkhausia georgiae,Moenkhausia,Characidae,Characiformes,2,14,115,116
571,ccccaccaccaccacatacctattcctaatacttgaataaagacacggggaggcaagtcgtaa,Loricaria cataphracta,Loricaria,Loricariidae,Siluriformes,14,34,103,108
573,ccccaccaccaccacataactattcctaatacttgaataaagacacggggaggcaagtcgta,Loricaria cataphracta,Loricaria,Loricariidae,Siluriformes,14,34,103,108
574,ccccaccaccaccacataacgattcctaatgcttgaataaagacacggggaggcaagtcgtaa,Loricaria cataphracta,Loricaria,Loricariidae,Siluriformes,14,34,103,108
426,ccccaaaccgccaaatcccaaatcaataataactttgctaggaaaaggggaggcaagtcgtaa,Satanoperca rhynchitis,Satanoperca,Cichlidae,Perciformes,12,16,167,147
425,ccccaaaccaccaaaccccaagatcaataatagttctgctaggaaaaggggaggcaagtcgtaa,Satanoperca rhynchitis,Satanoperca,Cichlidae,Perciformes,12,16,167,147
440,ccccaaaccaccaaaccccaagatcaataatagttctgctaggaaaaggggaggcaagtcgta,Satanoperca rhynchitis,Satanoperca,Cichlidae,Perciformes,12,16,167,147
491,cccccacataaaacaataaaataactaataacacacaattaaatccggggaggcaagtcgtaa,Cetopsidium orientale,Cetopsidium,Cetopsidae,Siluriformes,14,13,34,27
492,cccccacataaaataataaaataactaataatatacaatcaaacccggggaggcaagtcgtaa,Cetopsidium orientale,Cetopsidium,Cetopsidae,Siluriformes,14,13,34,27
493,cccccacataaaacaataaaataactaataatacacaattaaatccggggaggcaagtcgtaa,Cetopsidium orientale,Cetopsidium,Cetopsidae,Siluriformes,14,13,34,27
615,ccccctcaacacaaacccaacaaacaatcactaataactcaatcttaaacacggggaggcaagtcgtaa,Pimelodus blochii,Pimelodus,Pimelodidae,Siluriformes,14,38,135,132
616,cccctctcaacacaaacccaacaaacaatcactaataactcaatcttaaacacggggaggcaagtcgtaa,Pimelodus blochii,Pimelodus,Pimelodidae,Siluriformes,14,38,135,132
614,cccctctcaacacaaacccaacaaacaatcactaawaactcaatcttaaacacggggaggctagtcgtaa,Pimelodus blochii,Pimelodus,Pimelodidae,Siluriformes,14,38,135,132
106,ccccaactttgagccagtacaagtaagtaaccaaataatcataaccacggggagataagtcgta,Moenkhausia collettii,Moenkhausia,Characidae,Characiformes,2,14,115,115
107,ccccaaccttgagcctatgcaagtaagtaaccaaataatcataattacggggagataagtcgtaa,Moenkhausia collettii,Moenkhausia,Characidae,Characiformes,2,14,115,115
105,ccccaacttgaactaagataagtaaataaccagttattatcattaacggggagataagtcgta,Moenkhausia collettii,Moenkhausia,Characidae,Characiformes,2,14,115,115
78,ccccgattaccacttaactagtaaataaccataaatttttatacgaggggagataagtcgtaa,Hemigrammus guyanensis,Hemigrammus,Characidae,Characiformes,2,14,77,74
146,ccccgattaccacttaactagtaaataaccataaatttttatacgaggggagataagtcgta,Hemigrammus guyanensis,Hemigrammus,Characidae,Characiformes,2,14,77,74
147,ccccgattaccacttaactagtaaayaaccataaatttttatacgaggggagataagtcgtaa,Hemigrammus guyanensis,Hemigrammus,Characidae,Characiformes,2,14,77,74
409,cccctaaccaactaaaccctaaattcataatacccctgcctggtaaagaggagaaaagtcgtaa,Guianacara owroewefi,Guianacara,Cichlidae,Perciformes,12,16,69,62
436,cccctaaccaactaaaccctaaattcataatacccctacctggtaaagaggaraaaagtcgtaa,Guianacara owroewefi,Guianacara,Cichlidae,Perciformes,12,16,69,62
410,cccctaaccaactaaaccctaaattcataatacccctacctggtaaagaggagaaaagtcgtaa,Guianacara owroewefi,Guianacara,Cichlidae,Perciformes,12,16,69,62
546,ccccttcccatttaaccaaccaaatatttctaatcccatatacaaacccacggggaggcaagtcgtaa,Guyanancistrus brevispinis,Guyanancistrus,Loricariidae,Siluriformes,14,34,70,63
545,ccccttcccatttaaccaaccaaatatttctaatcccatatacaaacctacggggaggcaagtcgtaa,Guyanancistrus brevispinis,Guyanancistrus,Loricariidae,Siluriformes,14,34,70,63
547,ccccttcccatttaaccaaccaaatatttctaattccatatacaaacccacggggaggcaagtcgtaa,Guyanancistrus brevispinis,Guyanancistrus,Loricariidae,Siluriformes,14,34,70,63
567,ccccttcccatcacaattaactaaacataattaattatacacattaaactacggggagacaagtcgtaa,Hypostomus gymnorhynchus,Hypostomus,Loricariidae,Siluriformes,14,34,90,91
566,ccccttcccatcacaattaactaaatataattaattatacacattaaactacggggaggcaagtcgtaa,Hypostomus gymnorhynchus,Hypostomus,Loricariidae,Siluriformes,14,34,90,91
568,ccccctcccatcacaattaactaaacataattaattatacacattaaactacggggaggcaagtcgtaa,Hypostomus gymnorhynchus,Hypostomus,Loricariidae,Siluriformes,14,34,90,91
397,ccccaaacctacataacgctaggtacataacacatctacccggtaaaggggaggcaagtcgtaa,Geophagus camopiensis,Geophagus,Cichlidae,Perciformes,12,16,67,58
398,ccccaaacctacataacgctagtacataacacatctacccggtaaaggggaggcaagtcgtaa,Geophagus camopiensis,Geophagus,Cichlidae,Perciformes,12,16,67,58
400,ccccaaacctacacaacgctggtacataacacatctacccggtaaaggggaggcaagtcgtaa,Geophagus camopiensis,Geophagus,Cichlidae,Perciformes,12,16,67,58
404,ccccagacctacaaacactagattcataacacatctatccggtaaaggggaggcaagtcgtaa,Geophagus surinamensis,Geophagus,Cichlidae,Perciformes,12,16,67,59
405,ccccaaacctacaaacactagattcataacacatctgtccggtaaaggggaggcaagtcgtaa,Geophagus surinamensis,Geophagus,Cichlidae,Perciformes,12,16,67,59
402,ccccaaacctacaaacactagattcataacacatctatccggtaaaggggaggcaagtcgtaa,Geophagus surinamensis,Geophagus,Cichlidae,Perciformes,12,16,67,59
542,ccccttcctactactattaactaaatatacctaaatacccatataaacccacggggaggcaagtcgta,Farlowella reticulata,Farlowella,Loricariidae,Siluriformes,14,34,64,56
541,ccccttcctactactattaactaaatatacctaaatacccatataaacccacgggaggcaagtcgtaa,Farlowella reticulata,Farlowella,Loricariidae,Siluriformes,14,34,64,56
543,ccccttcctatcactataactaagtatacctaaatacccacataaacccacggggaggcaagtcgtaa,Farlowella reticulata,Farlowella,Loricariidae,Siluriformes,14,34,64,56
222,cccccccgcacactttaatgcaacttcggggagataagtcgtaa,Bryconops melanurus,Bryconops,Iguanodectidae,Characiformes,2,31,25,23
224,cccccccccgcacactttaatgcaacttcggggagatnagtcgta,Bryconops melanurus,Bryconops,Iguanodectidae,Characiformes,2,31,25,23
223,cccccccgcacactttaatgcaacttcggggagataagtcgta,Bryconops melanurus,Bryconops,Iguanodectidae,Characiformes,2,31,25,23
233,cctcaccacccaacatatatgtaaaaaccaataagttagtgaaacgaggaggcaagtcgta,Copella carsevennensis,Copella,Lebiasinidae,Characiformes,2,32,45,38
230,cctcaccacccaacacatatgtaaaaaccaataagttagtgaaacgaggaggcaagtcgtaa,Copella carsevennensis,Copella,Lebiasinidae,Characiformes,2,32,45,38
232,cctcaccacccaacatatatgtaaaaaccaataagttagtgaaacgaggaggcaagtcgtaa,Copella carsevennensis,Copella,Lebiasinidae,Characiformes,2,32,45,38
598,ccccatcacaattaaactatatacatacttaagtatacaacaaaaatattcagggaggcaagtcgtaa,Lithoxus aff. planquettei,Lithoxus,Loricariidae,Siluriformes,14,34,102,105
596,ccccatcacaattaaactatatacatacttaagtatgcaacaaaaatactcggggaggcaagtcgta,Lithoxus aff. planquettei,Lithoxus,Loricariidae,Siluriformes,14,34,102,105
595,ccccatcacaattaaactatatatatacttaagtatgcaacaaaaatattcggggaggcaagtcgtaa,Lithoxus aff. planquettei,Lithoxus,Loricariidae,Siluriformes,14,34,102,105
298,ctcctaatctttaactttagccacttatataaaaatatacactagcaaaggagagacaagtcgtaa,Anablepsoides lungi,Anablepsoides,Rivulidae,Cyprinodontiformes,5,47,6,6
309,ctcctaatctttaactttaaccatttatataaaaatacatactagcaaaggagagacaagtcgtaa,Anablepsoides lungi,Anablepsoides,Rivulidae,Cyprinodontiformes,5,47,6,6
293,ctcctaatctttaacttcaaccatttatataaaaatacacgatagcaaaggagagacaagtcgtaa,Anablepsoides lungi,Anablepsoides,Rivulidae,Cyprinodontiformes,5,47,6,6
215,cccctccgcgcatatngcaatttcggggaggcaagtcgtaa,Bryconops affinis,Bryconops,Iguanodectidae,Characiformes,2,31,25,22
217,cccctccgcgcatattgcaatttcggggaggcaagtcgta,Bryconops affinis,Bryconops,Iguanodectidae,Characiformes,2,31,25,22
219,cccctccgcgcatatgcagtttcggggaggcaagtcgtaa,Bryconops affinis,Bryconops,Iguanodectidae,Characiformes,2,31,25,22
173,cccttcattcactatctatgtttataaccaaccacaaattatatgacagggaggcaagtcgtaa,Microcharacidium eleotrioides,Microcharacidium,Crenuchidae,Characiformes,2,17,112,113
172,cccttcattctctacctacgtaaataaccaaccataaattacatgacagggaggcaagtcgtaa,Microcharacidium eleotrioides,Microcharacidium,Crenuchidae,Characiformes,2,17,112,113
171,cccttcattttctacctacgtaaataaccaaccataaattacatgacagggaggcaagtcgtaa,Microcharacidium eleotrioides,Microcharacidium,Crenuchidae,Characiformes,2,17,112,113
632,cccctcctattcaaccacaaataccatttataataacaagactaaaacacggggaggcaagtcgtaa,Ituglanis nebulosus,Ituglanis,Trichomycteridae,Siluriformes,14,52,94,94
636,cccctcctacacgactacaacaccattcataataacaacactaaaacacggggaggcaagtcgtaa,Ituglanis nebulosus,Ituglanis,Trichomycteridae,Siluriformes,14,52,94,94
633,cccctcctattcaaccacaaataccatttataataacaagactaaaacacggggaggcaagtcgta,Ituglanis nebulosus,Ituglanis,Trichomycteridae,Siluriformes,14,52,94,94
26,ccccgaataaaactttaaagtaattaacacgccacaaaaaaacaaggggaggcaagtcgtaa,Acestrorhynchus falcatus,Acestrorhynchus,Acestrorhynchidae,Characiformes,2,0,1,1
28,ccccgaataaaacttttaagtacttaacacgccacaaaaaaacaaggggaggcaagtcgtaa,Acestrorhynchus falcatus,Acestrorhynchus,Acestrorhynchidae,Characiformes,2,0,1,1
29,ccccgaataaaactttaaagtacttaacacgccacaaaaaaacaaggggaggcaagtcgta,Acestrorhynchus falcatus,Acestrorhynchus,Acestrorhynchidae,Characiformes,2,0,1,1
297,ccccaatttttattttatcttttacattaaaaagttatgccctacaaggggaggcaagtcgtaa,Laimosemion geayi,Laimosemion,Rivulidae,Cyprinodontiformes,5,47,98,101
291,ccccaatttttattttatcttttacattaaaaagctatgccctacaaggggaggcaagtcgtaa,Laimosemion geayi,Laimosemion,Rivulidae,Cyprinodontiformes,5,47,98,101
290,ccccaatttttatttatcttttacattaaaaagctatgccctacaaggggaggcaagtcgtaa,Laimosemion geayi,Laimosemion,Rivulidae,Cyprinodontiformes,5,47,98,101
496,ccccacacttattataaactaataattaatacactaaactagtacttacgaggagacaagtcgtaa,Helogenes marmoratus,Helogenes,Cetopsidae,Siluriformes,14,13,74,71
497,cccctcacttatcatatataaataattaataaactagactagtacttatggggagacaagtcgtaa,Helogenes marmoratus,Helogenes,Cetopsidae,Siluriformes,14,13,74,71
654,ccccacaaccacctaagccaataattaataaaacaaaatgttatacggggaggcaagtcgtaa,Helogenes marmoratus,Helogenes,Cetopsidae,Siluriformes,14,13,74,71
289,ctcctaatctttaattttaaccatttacataaaaattcatgctagcaaaggagagacaagtcgtaa,Anablepsoides igneus,Anablepsoides,Rivulidae,Cyprinodontiformes,5,47,6,5
317,ctcctaatctttaattctaaccatttacataaaaattcatactagcaaaggagagacaagtcgtaa,Anablepsoides igneus,Anablepsoides,Rivulidae,Cyprinodontiformes,5,47,6,5
294,ctcctaatctttaattttaaccatttacataaaaattcatactagcaaaggagagacaagtcgtaa,Anablepsoides igneus,Anablepsoides,Rivulidae,Cyprinodontiformes,5,47,6,5
16,ccccaaacaatctcataccatacaataataaaccatcaacctcaagaggggggacaagtcgtaa,Synbranchus marmoratus,Synbranchus,Synbranchidae,Synbranchiformes,15,51,177,151
14,ccccaaacaatctcatcttatacaataataaatcatcaacctcaagaggggggacaagtcgtaa,Synbranchus marmoratus,Synbranchus,Synbranchidae,Synbranchiformes,15,51,177,151
17,ccccaaacaatctcaacttatataataataaactaccaacctcaagaggggggacaagtcgtaa,Synbranchus marmoratus,Synbranchus,Synbranchidae,Synbranchiformes,15,51,177,151
564,ccccacctctactaacaactatttctaatatttaaacaagaatcacggggaggcaagtcgtaa,Hemiodontichthys acipenserinus,Hemiodontichthys,Loricariidae,Siluriformes,14,34,78,78
562,ccccacctctaccaacaactatctctaatacttgaacaagaatcacggggaggcaagtcgtaa,Hemiodontichthys acipenserinus,Hemiodontichthys,Loricariidae,Siluriformes,14,34,78,78
563,ccccacctctactaacaactatctctaatacttgaacagaatcacggggaggcaagtcgtaa,Hemiodontichthys acipenserinus,Hemiodontichthys,Loricariidae,Siluriformes,14,34,78,78
129,ccccaactttgaaccccataagtaaataaccaaacaattatcaataaacggggagataagtcgtaa,Poptella brevispina,Poptella,Characidae,Characiformes,2,14,141,137
127,ccccaactttgaactcaataagtaaataaccaaataattatcaataaacggggagataagtcgtaa,Poptella brevispina,Poptella,Characidae,Characiformes,2,14,141,137
130,ccccaactttgaaccccacaagtaaataaccaaacaattatcaataaacggggagataagtcgtaa,Poptella brevispina,Poptella,Characidae,Characiformes,2,14,141,137
137,ccccgcaaagtctaattcaagtaattaactaaacaaaatcttaaatcggggaggcaagtcgtaa,Tetragonopterus chalceus,Tetragonopterus,Characidae,Characiformes,2,14,179,153
135,ccccataaaatttaattccagtaattaaccaaataaagtctatagcggggaggcaagtcgtaa,Tetragonopterus chalceus,Tetragonopterus,Characidae,Characiformes,2,14,179,153
136,ccccataaaatttaattcmagtaattaaccaaataaagtctatagcggggaggcaagtcgtaa,Tetragonopterus chalceus,Tetragonopterus,Characidae,Characiformes,2,14,179,153
300,ccccaatttttattttaccttttacattaaaaatttatacctcacarggggaggcaagtcgtaa,Laimosemion agilae,Laimosemion,Rivulidae,Cyprinodontiformes,5,47,98,99
301,ccccaatttttattttaccttttacattaaaaatttatatctcacaaggggaggcaagtcgtaa,Laimosemion agilae,Laimosemion,Rivulidae,Cyprinodontiformes,5,47,98,99
307,ccccaatttttattttaccttttacattaaaaaattacaccccacaaggggaggcaagtcgtaa,Laimosemion agilae,Laimosemion,Rivulidae,Cyprinodontiformes,5,47,98,99
458,cccctcatatataccatcaaaacattcctaataatttacaaatcagcacggggaggcaagtcgtaa,Ageneiosus inermis,Ageneiosus,Auchenipteridae,Siluriformes,14,7,4,4
459,cccctcatatataccatcaaaacattcctaataacttacaaatcagcacggggaggcaagtcgtaa,Ageneiosus inermis,Ageneiosus,Auchenipteridae,Siluriformes,14,7,4,4
457,cccctcatatataccatcaaaatattcctaataatttacaaatcaacacggggaggcaagtcgta,Ageneiosus inermis,Ageneiosus,Auchenipteridae,Siluriformes,14,7,4,4
472,ccccccgcacatatttcaaacattcctaataatacaccagtcaacacggggaggcaagtcgtaa,Trachelyopterus galeatus,Trachelyopterus,Auchenipteridae,Siluriformes,14,7,183,155
470,ccccccgcacatattcaaacattcctaataatacaccagtcaacacggggaggcaagtcgtaa,Trachelyopterus galeatus,Trachelyopterus,Auchenipteridae,Siluriformes,14,7,183,155
471,ccccccgcacatattccaaatattcctaataatataccagtcaatacggggaggcaagtcgtaa,Trachelyopterus galeatus,Trachelyopterus,Auchenipteridae,Siluriformes,14,7,183,155
155,ccccacttaaattaatatcaacaagtatgtaactaaataatcaataaaacggggaggcaagtcgtaa,Phenacogaster wayana,Phenacogaster,Characidae,Characiformes,2,14,130,128
125,ccccacttaagttaatatcaacaagtatgtaactaaacaatcaataaaacggggaggcaagtcgtaa,Phenacogaster wayana,Phenacogaster,Characidae,Characiformes,2,14,130,128
126,ccccacttaagttaatatcaacaagtatgtaactaaataatcaataaaacggggaggcaagtcgtaa,Phenacogaster wayana,Phenacogaster,Characidae,Characiformes,2,14,130,128
378,ccctggcccgatactttaagtatttccttttcggtataagggaggcaagtcgta,Cleithracara maronii,Cleithracara,Cichlidae,Perciformes,12,16,43,37
379,ccctggcccgatactttaagtatttccttttcggtataagggaggcaagtcgtaa,Cleithracara maronii,Cleithracara,Cichlidae,Perciformes,12,16,43,37
585,ccccatcattaccaatctaccttttctaatatcttatcaacacacggggagggaagtcgtaa,Rineloricaria stewarti,Rineloricaria,Loricariidae,Siluriformes,14,34,165,146
584,ccccatcattaccaatcaaccatttctaatatcaaaacaacaacacggggaggcaagtcgtaa,Rineloricaria stewarti,Rineloricaria,Loricariidae,Siluriformes,14,34,165,146
149,ccccaactttaacttaaacatgtaattaaccagacaattaataccacggggagataagtcgta,Hemigrammus rodwayi,Hemigrammus,Characidae,Characiformes,2,14,77,76
82,ccccaactttaacttaaacatgtaattaaccagacaattaataccacggggagataagtcgtaa,Hemigrammus rodwayi,Hemigrammus,Characidae,Characiformes,2,14,77,76
178,cccccacacacctttcaaaagtaattaaccttctattacaaacccacggggaggcaagtcgtaa,Melanocharacidium dispilomma,Melanocharacidium,Crenuchidae,Characiformes,2,17,108,109
179,cccccgcacacctttcaaaagtaattaaccttctattacaaacccacggggaggcaagtcgtaa,Melanocharacidium dispilomma,Melanocharacidium,Crenuchidae,Characiformes,2,17,108,109
538,ccccttcctaccactactaattaattatacctaattactttcataagaccacggggaggcaagtcgtaa,Cteniloricaria platystoma,Cteniloricaria,Loricariidae,Siluriformes,14,34,50,47
537,ccccttcctaccaccactaattaattatacctaattattttcataagaccacggggaggcaagtcgtaa,Cteniloricaria platystoma,Cteniloricaria,Loricariidae,Siluriformes,14,34,50,47
193,ccccatgccctcaacaaaacagtaaataacaaaacacaatagcttacggggaggcaagtcgtaa,Erythrinus erythrinus,Erythrinus,Erythrinidae,Characiformes,2,25,63,55
192,ccccatgccctcaacaaaacagtaaataacaaaacataatagcttacggggaggcaagtcgtaa,Erythrinus erythrinus,Erythrinus,Erythrinidae,Characiformes,2,25,63,55
196,ccccatcgactatcatccaagtaaataactaaacgaaacaagaaacggggaggcaagtcgtaa,Hoplerythrinus unitaeniatus,Hoplerythrinus,Erythrinidae,Characiformes,2,25,83,83
197,ccccatttattaaacaaaacagtaaataaccaaacatactaccaagcggggaggcaagtcgtaa,Hoplerythrinus unitaeniatus,Hoplerythrinus,Erythrinidae,Characiformes,2,25,83,83
211,ccccgacactcaacaaacaagtatataaccaaatattctcatacctaaggggaggcaagtcgtaa,Hemiodus quadrimaculatus,Hemiodus,Hemiodontidae,Characiformes,2,28,79,79
210,ccccgacactcaataaacaagtaaataaccaaacattcttagtaccaaggggaggcaagtcgtaa,Hemiodus quadrimaculatus,Hemiodus,Hemiodontidae,Characiformes,2,28,79,79
530,cccctaccaacataataaaccatatattaataatacaaccaacaacacggggaggcaagtcgtaa,Pimelodella aff. cristata,Pimelodella,Heptapteridae,Siluriformes,14,29,134,129
531,cccctaccaacataataaaccatatattaataacacaaccaacaacacggggaggcaagtcgtaa,Pimelodella aff. cristata,Pimelodella,Heptapteridae,Siluriformes,14,29,134,129
207,ccccgacaaccaacaaccagataaataaccagacatactcaagataaggggaggcaagtcgtaa,Bivibranchia bimaculata,Bivibranchia,Hemiodontidae,Characiformes,2,28,19,16
206,ccccgacaaccaacaaccaggtaaataaccagacatactcaagataaggggaggcaagtcgta,Bivibranchia bimaculata,Bivibranchia,Hemiodontidae,Characiformes,2,28,19,16
75,ccccattttatatttataaccatttaagtaaaaaaacaacccaaatagcggggaggcaagtcgtaa,Hemibrycon surinamensis,Hemibrycon,Characidae,Characiformes,2,14,76,72
74,ccccattttatatttataaccatttaagtaaaaaaacaacccaaaaagcggggaggcaagtcgtaa,Hemibrycon surinamensis,Hemibrycon,Characidae,Characiformes,2,14,76,72
450,ccccaaactaacacaacccctgtaaataaaataccaccacagtaaaggggaggcaagtcgtaa,Plagioscion squamosissimus,Plagioscion,Sciaenidae,Perciformes,12,48,136,134
449,ccccaaactaactcaacctctgtaaataaaataatatcacagtaaaggggaggcaagtcgtaa,Plagioscion squamosissimus,Plagioscion,Sciaenidae,Perciformes,12,48,136,134
234,cccctaaaaatactaaacctagtaattaactaaactacttaaaagtcggggaggcaagtcgtaa,Nannostomus beckfordi,Nannostomus,Lebiasinidae,Characiformes,2,32,118,124
235,cccctaaaaatactaaacctagtaattaactaaactacttaaaagtcggggaggcaagtcgta,Nannostomus beckfordi,Nannostomus,Lebiasinidae,Characiformes,2,32,118,124
168,ccccccccccatcttaaaaaagtaaataacaacctatttatccgcgcggggaggcaagtcgta,Melanocharacidium sp2,Melanocharacidium,Crenuchidae,Characiformes,2,17,108,110
169,cccccccccatcttaaaaaagtaaataacaacctatttatccgcgcggggaggcaagtcgtaa,Melanocharacidium sp2,Melanocharacidium,Crenuchidae,Characiformes,2,17,108,110
89,cccctataaaccccaaatatgtaaataaccaaagactccataaaacggggagataagtcgtaa,Hyphessobrycon simulatus,Hyphessobrycon,Characidae,Characiformes,2,14,86,87
91,cccctataaaacccaaatatgtaaataaccaaagactccataaaacggggagataagtcgtaa,Hyphessobrycon simulatus,Hyphessobrycon,Characidae,Characiformes,2,14,86,87
35,ccccaacatgtatttattatagtaaataactaaacacacttcagaacggggaggcaagtcgta,Hypomasticus despaxi,Hypomasticus,Anostomidae,Characiformes,2,2,87,89
34,ccccaacatgtatttattatagtaaataactaaacacacttcagaacggggaggcaagtcgtaa,Hypomasticus despaxi,Hypomasticus,Anostomidae,Characiformes,2,2,87,89
241,ccccatcagcttttacacaagtaaataaccaaaaaatatatgaaacggggaggcaagtcgtaa,Pyrrhulina filamentosa,Pyrrhulina,Lebiasinidae,Characiformes,2,32,160,142
239,ccccatcaacttttacacaagtaaataaccaaaaaatacatgaaacggggaggcaagtcgtaa,Pyrrhulina filamentosa,Pyrrhulina,Lebiasinidae,Characiformes,2,32,160,142
419,cttttatccgccacttaaagatcccaatcttttccggcagaggagaggcaagtcgtaa,Nannacara aureocephalus,Nannacara,Cichlidae,Perciformes,12,16,117,123
421,cttttatccgccacttaaagatccaaatcttttccggcagaggagaggcaagtcgtaa,Nannacara aureocephalus,Nannacara,Cichlidae,Perciformes,12,16,117,123
630,ccccttctactcaaccacaaactatttataataacaaaaactaaaaatgcggggaggcaagtcgtaa,Ituglanis amazonicus,Ituglanis,Trichomycteridae,Siluriformes,14,52,94,93
629,ccccttctattcaaccacaaactatttataataacaaaaactaaaatgcggggaggcaagtcgtaa,Ituglanis amazonicus,Ituglanis,Trichomycteridae,Siluriformes,14,52,94,93
315,ccccaacatctacttaccttttatataaaaactaacatttttaaaggggaggcaagtcgtaa,Laimosemion cladophorus,Laimosemion,Rivulidae,Cyprinodontiformes,5,47,98,100
292,ccccaacagctacttaccttttatataaaaactaatatttttaaaggggaggcaagtcgtaa,Laimosemion cladophorus,Laimosemion,Rivulidae,Cyprinodontiformes,5,47,98,100
508,ccctcacaaaacaaaacaaataatacccaataacacaactattaacacggggaggcaagtcgtaa,Chasmocranus brevior,Chasmocranus,Heptapteridae,Siluriformes,14,29,39,32
507,ccctcgcacagcacaaaccaaataatacccaataacacaactattaacacggggaggcaagtcgtaa,Chasmocranus brevior,Chasmocranus,Heptapteridae,Siluriformes,14,29,39,32
251,ccccttttacctaacctacacgtaaataaccaaaaatacttcacagcggggaggcaagtcgta,Myloplus rubripinnis,Myloplus,Serrasalmidae,Characiformes,2,49,116,120
259,cccctttacctaacctacacaagtaaataaccaaaaatacttcacagcggggaggcaagtcgtaa,Myloplus rubripinnis,Myloplus,Serrasalmidae,Characiformes,2,49,116,120
661,ccccttcctattaagcctatcaacgtatctaatctcaaatacaaaaccacggggaggcaagtcgtaa,Ancistrus aff. hoplogenys,Ancistrus,Loricariidae,Siluriformes,14,34,8,8
587,ccccttcctattaaacctattaacatatctaatctcaaatacaaaaccacggggaggcaagtcgtaa,Ancistrus aff. hoplogenys,Ancistrus,Loricariidae,Siluriformes,14,34,8,8
417,cttttatccgccacttaaagaccccaatctttttcggcagaggagaggcaagtcgtaa,Nannacara anomala,Nannacara,Cichlidae,Perciformes,12,16,117,122
439,cttttatccgccacttaaagaccccaatcttttccggcagaggagaggcaagtcgtaa,Nannacara anomala,Nannacara,Cichlidae,Perciformes,12,16,117,122
252,ccccttttacctaacccagacgtaaataaccaaatatacttcacagcggggaggcaagtcgtaa,Myloplus ternetzi,Myloplus,Serrasalmidae,Characiformes,2,49,116,121
254,ccccttttacctaacccaaacgtaaataaccaaatatacctcacagcggggaggcaagtcgtaa,Myloplus ternetzi,Myloplus,Serrasalmidae,Characiformes,2,49,116,121
96,ccccaataatatactaaacttagtaaataaccagaaaattaataaaacggggagataagtcgtaa,Jupiaba keithi,Jupiaba,Characidae,Characiformes,2,14,96,96
94,ccccaataatatactaaactcagtaaataaccaaaaaattaataaaacggggagataagtcgtaa,Jupiaba keithi,Jupiaba,Characidae,Characiformes,2,14,96,96
144,ccctaacttaaatataacactttaacatatataaccaaataaacccgaaagcagggaggcaagtcgtaa,Charax niger,Charax,Characidae,Characiformes,2,14,38,31
67,ccctaacttaaatataacactttaacgtatataaccaaataaacccgaaagcagggaggcaagtcgtaa,Charax niger,Charax,Characidae,Characiformes,2,14,38,31
323,cccctctaaacaacccacaacaatacttaaacatcacacataccagtaggagagacaagtcgtaa,Gymnotus anguillaris,Gymnotus,Gymnotidae,Gymnotiformes,7,27,71,66
345,cccctctaaacaacccacaacaatacttaaacaccacacataccagtaggagagacaagtcgtaa,Gymnotus anguillaris,Gymnotus,Gymnotidae,Gymnotiformes,7,27,71,66
501,ccccttaaatttaataacacacatccataataacacaaacatcaccgcggggaggcaagtcgtaa,Doras carinatus,Doras,Doradidae,Siluriformes,14,22,59,51
500,ccccttaaatttaataacacacatccataataacacaaacatcaccgcggggaggcaagtcgta,Doras carinatus,Doras,Doradidae,Siluriformes,14,22,59,51
433,ccccccccccactaaataaacatctattacttttatacacctaaattcccatgggggagacaagtcgtaa,Crenicichla saxatillis,Crenicichla,Cichlidae,Perciformes,12,16,48,45
435,ccccccccactaaataaacatctattacttttatacacctaaattcccatgggggagacaagtcgtaa,Crenicichla saxatillis,Crenicichla,Cichlidae,Perciformes,12,16,48,45
22,ccccaacaaccctgactcaccggtaactttaacccaaaacacaacgaaaggggaggcaagtcgtaa,Anchoviella lepidentostole,Anchoviella,Engraulidae,Clupeiformes,3,24,7,7
414,ccctgacccgacattcaaagattaagcatctttccggcaaaggggaggcaagtcgtaa,Krobia itanyi,Krobia,Cichlidae,Perciformes,12,16,97,98
406,cccctaaccaactaaaccataaattcataatacccctacctggtaaagaggagaaaagtcgtaa,Guianacara geayi,Guianacara,Cichlidae,Perciformes,12,16,69,61
8,cctcaaaataacctctaacatttataaaaaaaattaaacccaagaggaggcaagtcgtaa,Potamotrygon orbignyi,Potamotrygon,Potamotrygonidae,Myliobatiformes,9,41,144,138
184,ccccattacctaatatacccaagtaaataaccaaatacacaacaaagcggggaggcaagtcgtaa,Cyphocharax gouldingi,Cyphocharax,Curimatidae,Characiformes,2,19,56,49
175,ccccccttcctaccactaaagtaaataaccaaacataaattatatcacggggaggcaagtcgtaa,Melanocharacidium sp3,Melanocharacidium,Crenuchidae,Characiformes,2,17,108,111
166,ccacaatacccaataaatttatataaataattccactacctggtatttactgaggaggcaagtcgtaa,Crenuchus spilurus,Crenuchus,Crenuchidae,Characiformes,2,17,49,46
21,ccccaacgagtaaaccataatattattaataaaatatatatcaacacggggaggcaagtcgtaa,Tatia aff. intermedia,Tatia,Engraulidae,Clupeiformes,3,24,178,152
60,ccccattktatatttataaccatttaaataaaaagacgacccaaaaagcggggaggcaagtcgtaa,Bryconamericus heteresthes,Bryconamericus,Characidae,Characiformes,2,14,24,20
32,ccccgtaaaaaaccaaaaagtatataaccccacaccaacaaaataaggggaggcaagtcgtaa,Acestrorhynchus microlepis,Acestrorhynchus,Acestrorhynchidae,Characiformes,2,0,1,2
38,ccccatcacctaccctactaggtaattaaccaaacatttctccgtatcggggaggcaagtcgtaa,Leporinus acutidens,Leporinus,Anostomidae,Characiformes,2,2,100,103
39,ccccatcacctgccttactaggtaaataaccaattatcctttatattcggggaggcaagtcgtaa,Leporinus fasciatus,Leporinus,Anostomidae,Characiformes,2,2,100,104
49,ccccatgcccaacttattaagtaaataaccaaacattcttcatgtcggggaggcaagtcgta,Schizodon fasciatus,Schizodon,Anostomidae,Characiformes,2,2,168,148
52,ccccaacaaaactaaactaagtaaataaccaataaattatactaacggggagataagtcgtaa,Astyanax bimaculatus,Astyanax,Characidae,Characiformes,2,14,16,12
58,ccccattttatatttataaccatttaaataaaaaaataacccagaaagcggggaggcaagtcgtaa,Bryconamericus guyanensis,Bryconamericus,Characidae,Characiformes,2,14,24,19
385,ccccccacccaacacacacccataacttttatacaccctctaactccggggggagacaagtcgtaa,Crenicichla johanna,Crenicichla,Cichlidae,Perciformes,12,16,48,42
62,ccccatcacccaataaccaagtaaataacaacaaaccaatgaaagcggggaggcaagtcgtaa,Chalceus macrolepidotus,Chalceus,Characidae,Characiformes,2,14,36,28
64,ccctaacttaaaatctaactctttaacgtaaataaccagataaacctaaaagcagggaggcaagtcgtaa,Charax gibbosus,Charax,Characidae,Characiformes,2,14,38,30
388,ccccagactcaacataaacccataactcttattcatcatcaaaccccacggggagacaagtcgtaa,Crenicichla multispinosa,Crenicichla,Cichlidae,Perciformes,12,16,48,43
340,ccccattcaactacaaaccaagtattttaacacacaacctcagatccggggaggcaagtcgta,Sternopygus macrurus,Sternopygus,Sternopygidae,Gymnotiformes,7,50,176,150
376,ccctgtccccataacttaaagactaagcatgtcttttccggtaaaagggaggcaagtcgtaa,Cichlasoma bimaculatum,Cichlasoma,Cichlidae,Perciformes,12,16,42,36
238,cccctaataacaccaaaatttgtatataaccaaactactttaaactcggggaggcaagtcgtaa,Nannostomus bifasciatus,Nannostomus,Lebiasinidae,Characiformes,2,32,118,125
72,ccctattttaagataatattaagtatataaccaaaaagccccaaaagcagggaggcaagtcgta,Cynopotamus essequibensis,Cynopotamus,Characidae,Characiformes,2,14,55,48
199,cccccacaaaacttaaaacaagtaaataaccaaatattatactaacggggaggcaagtcgtaa,Hoplias aimara,Hoplias,Erythrinidae,Characiformes,2,25,84,84
201,ccccattcattaacttaacaagtaattaactaaatacataaaccagcggggaggcaagtcgtaa,Hoplias malabaricus,Hoplias,Erythrinidae,Characiformes,2,25,84,85
202,ccccttaactcaaaacttagtaaataacttcacataacatttattcggggaggcaagtcgtaa,Carnegiella strigata,Carnegiella,Gasteropelecidae,Characiformes,2,26,30,26
204,ccccacaatatctaaattagtaactaaccccatactttttctacggggaggcaagtcgtaa,Gasteropelecus sternicla,Gasteropelecus,Gasteropelecidae,Characiformes,2,26,66,57
212,ccccgacatcaaacaaacaagtaaataaccaaatatctttaaaacaaggggaggcaagtcgtaa,Hemiodus unimaculatus,Hemiodus,Hemiodontidae,Characiformes,2,28,79,80
229,cccctcccgcacattttaatgcaactacggggaggcaagtcgtaa,Bryconops aff. melanurus,Bryconops,Iguanodectidae,Characiformes,2,31,25,21
249,ccccttcacctacctacacaagtaaataaccagaaacacttcacagcggggaggcaagtcgta,Myloplus rhomboidalis,Myloplus,Serrasalmidae,Characiformes,2,49,116,119
374,ccccaagccaacaacatttctaattcataatatccctttccggtaaaggggaggcaagtcgtaa,Cichla ocellaris,Cichla,Cichlidae,Perciformes,12,16,41,35
260,ccccttatcttacacacacaggtaaataaccaaatcaacacttcagcggggaggcaagtcgtaa,Serrasalmus eigenmanni,Serrasalmus,Serrasalmidae,Characiformes,2,49,172,149
324,ctcctctcaactcacaacttagtatttaacacattaacatgaattcgggggggcaagtcgtaa,Apteronotus albifrons,Apteronotus,Apteronotidae,Gymnotiformes,7,3,12,11
188,ccccattacccaatacaaccaagtaaataaccaaatacacaacaaagcggggaggcaagtcgtaa,Cyphocharax spilurus,Cyphocharax,Curimatidae,Characiformes,2,19,56,50
339,tcccgtctaaaatcccccaattacttaaacaacgatacaccacatagggaaggtaagtcgtaa,Gymnotus coropinae,Gymnotus,Gymnotidae,Gymnotiformes,7,27,71,67
346,tcccgtctaaaaatcttcagctacttaaacaactaaacatcacatagggaaggtaagtcgtaa,Gymnotus aff. coropinae,Gymnotus,Gymnotidae,Gymnotiformes,7,27,71,65
341,ccctattcaactactaacaactatataaatataaatatatgatccagggaggaaagtcgtaa,Brachyhypopomus beebei,Brachyhypopomus,Hypopomidae,Gymnotiformes,7,30,21,17
353,ccccacataaactcaaatcacgctatataacacaactcacttaaaccaggagaggcaagtcgta,Japigny kirschbaum,Japigny,Sternopygidae,Gymnotiformes,7,50,95,95
68,ccccatcttacccataactaattaaataaaatattaacctatgaaacggggaggcaagtcgtaa,Creagrutus melanzonus,Creagrutus,Characidae,Characiformes,2,14,47,40
467,ccccaacgtacattactcaaatatttctaataatatattaatcaatacggggaggcaagtcgtaa,Pseudauchenipterus nodosus,Pseudauchenipterus,Auchenipteridae,Siluriformes,14,7,152,140
77,ccccaacataattagattagttctataacccgttaacttataccacggggagataagtcgtaa,Hemigrammus boesemani,Hemigrammus,Characidae,Characiformes,2,14,77,73
611,ccccttaccctttaactccaacaaaatcactaataagttaactcttacctgcggggaggcaagtcgtaa,Hemisorubim platyrhynchos,Hemisorubim,Pimelodidae,Siluriformes,14,38,80,81
655,cccctcaaacaccccacaacccaacataactaataacacaaacactaacgtcggggaggcaagtcgtaa,Acanthodoras cataphractus,Acanthodoras,Doradidae,Siluriformes,14,22,0,0
558,cccctgcctactataaaacaattatacttaattactaacacaaaactacggggaggcaagtcgtaa,Harttiella lucifer,Harttiella,Loricariidae,Siluriformes,14,34,73,70
570,cccctccaccaccacataactattcctaatacttgaataaagacacggggaggcaagtcgtaa,Loricaria aff. parnahybae,Loricaria,Loricariidae,Siluriformes,14,34,103,107
575,cccctttctattaccccaactaatcatacataatcatctacacaaactccaggggaggcaagtcgtaa,Metaloricaria paucidens,Metaloricaria,Loricariidae,Siluriformes,14,34,110,112
581,ccccttccactataatcaaccaaaacatacctaatcacatatacaaaactacggggaggcaagtcgtaa,Pseudancistrus barbatus,Pseudancistrus,Loricariidae,Siluriformes,14,34,151,139
583,ccccatcaccaccaacctaactatttataataattatgaaacaatacggggaggcaagtcgtaa,Rineloricaria platyura,Rineloricaria,Loricariidae,Siluriformes,14,34,165,145
600,ccccatcacaattaaatcattcatacttaagtatacaacaaaaaattcggggaggcaagtcgtaa,Lithoxus planquettei,Lithoxus,Loricariidae,Siluriformes,14,34,102,106
624,cccccaccaaataaactcaacaaactttttaaaaccacaactaacagcacggggaggcaagtcgtaa,Batrochoglanis raninus,Batrochoglanis,Pseudopimelodidae,Siluriformes,14,45,18,15
553,cccctttccattatcactaaccaattataattaattattaacataaatttacggggaggcaagtcgta,Harttia guianensis,Harttia,Loricariidae,Siluriformes,14,34,72,68
681,cccctactccatacaaccttaaccaaacatttactaaaaacatacttacagcacggggaggcaagtcgtaa,Pseudopimelodus bufonius,Pseudopimelodus,Pseudopimelodidae,Siluriformes,14,45,153,141
569,ccccttcctaccacaatcaactaaatataattaattacccacattaaactacggggaggcaagtcgtaa,Hypostomus plecostomus,Hypostomus,Loricariidae,Siluriformes,14,34,90,92
484,ccctacagcacaaaatacaataattaataaattaatagcacttaaaggggaggcaagtcgtaa,Hoplosternum littorale,Hoplosternum,Callichthyidae,Siluriformes,14,10,85,86
6,cctcaacagcctaaaaacattatttaatataaaatagctacaaagaggaggcaagtcgtaa,Lepidosiren paradoxa,Lepidosiren,Lepidosirenidae,Lepidosireniformes,8,33,99,102
454,ccccacaacatacaaactcctaataaataataatataagaaaaatcacggggaggcaagtcgtaa,Bunocephalus aloike,Bunocephalus,Aspredinidae,Siluriformes,14,6,26,24
489,cccccgcataaaacccaaacgataaataattcatcaaaataatacatcggggaggcaagtcgtaa,Corydoras oiapoquensis,Corydoras,Callichthyidae,Siluriformes,14,10,46,39
465,ccccaacgaacataaacccaatatatttaataagtcacacatcagcacggggaggcaagtcgtaa,Glanidium leopardum,Glanidium,Auchenipteridae,Siluriformes,14,7,68,60
591,cccctatcttactacaaactaattatatttaattaataaaacaaaactacggggaggcaagtcgtaa,Harttiella longicauda,Harttiella,Loricariidae,Siluriformes,14,34,73,69
549,ccctttcccatttaaccaactaaacatacctaatttcacataaaaaccacggggaggcaagtcgtaa,Guyanancistrus longispinis,Guyanancistrus,Loricariidae,Siluriformes,14,34,70,64
80,ccccgataactaccaatcaagtaaataaccataaaattctctacaaggggagataagtcgtaa,Hemigrammus ocellifer,Hemigrammus,Characidae,Characiformes,2,14,77,75
158,ccccccaaaaattacttcagtaaataacccataaaataaaaacccggggaggcaagtcgtaa,Chilodus zunevei,Chilodus,Chilodontidae,Characiformes,2,15,40,34
85,ccccaactttaaactaaataagtaaataaccagctattattactaacggggagataagtcgtaa,Hemigrammus unilineatus,Hemigrammus,Characidae,Characiformes,2,14,77,77
92,cccctatagactataaacacgtaagtaaccaaaaactcacacaaacggggagataagtcgtaa,Hyphessobrycon takasei,Hyphessobrycon,Characidae,Characiformes,2,14,86,88
98,ccccataaaattaaattcatagtatttaaccagacaaaaagaaatagcggggaggcaagtcgtaa,Jupiaba meunieri,Jupiaba,Characidae,Characiformes,2,14,96,97
103,ccccaactttgaaccaagataagttaataaccaaataattatcattaacggggagataagtcgta,Moenkhausia chrysargyrea,Moenkhausia,Characidae,Characiformes,2,14,115,114
121,ccccgactaaaccataataagtaaataaccagataacttctacaaaaggggagataagtcgtaa,Moenkhausia surinamensis,Moenkhausia,Characidae,Characiformes,2,14,115,118
139,ccccacaaagttcaattcaagtaattaaccaaccaaaatttaaagcggggaggcaagtcgta,Tetragonopterus rarus,Tetragonopterus,Characidae,Characiformes,2,14,179,154
143,ccccatttatatttataaccatttaaataaaaaaataacccagaaagcggggaggcaagtcgtaa,Bryconamericus aff. hyphesson,Bryconamericus,Characidae,Characiformes,2,14,24,18
441,ccccgaaaacaaaattgaatataaataagccgctatgaacatagaggggaggcaagtcgtaa,Eleotris pisonis,Eleotris,Eleotridae,Perciformes,12,23,62,54
445,ccccaaaacaaccaaactcaattaattaatatcttaactgtaacagaggggaggcaagtcgta,Pachypops fourcroi,Pachypops,Sciaenidae,Perciformes,12,48,123,127
444,ccccaaaatttttcaaaaataaataaataataactaaccgaaaataaaggggagacaagtcgtaa,Polycentrus schomburgkii,Polycentrus,Polycentridae,Perciformes,12,40,140,136
354,cccctaattttctaatatttgtaactaaccaactaatctaccctcggggaggcaagtcgtaa,Electrophorus electricus,Electrophorus,Gymnotidae,Gymnotiformes,7,27,61,53
447,tcctaaaatagaccgaaacaattaaataattacttcaacctatgtagagaagggggggaagtcgtaa,Pachypops aff. fourcroi,Pachypops,Sciaenidae,Perciformes,12,48,123,126
505,cccctcatacaaatcacaatctaacatcactaataacacaaacaccaatacggggaggcaagtcgtaa,Platydoras costatus,Platydoras,Doradidae,Siluriformes,14,22,137,135
515,ccccacataaatataaatcaaataatacctaataacccaactaccgacacggggaggcaagtcgtaa,Heptapterus bleekeri,Heptapterus,Heptapteridae,Siluriformes,14,29,81,82
521,cccctaccaatataataacccatatattaataacacaaccaatagcacggggaggcaagtcgta,Pimelodella geryi,Pimelodella,Heptapteridae,Siluriformes,14,29,134,130
522,ccccgactaacataataacccatatattaatacattagccaataacaaggggaggcaagtcgtaa,Pimelodella procera,Pimelodella,Heptapteridae,Siluriformes,14,29,134,131
643,ccccacaataaacaaattcctcatatataataacataaaaaaattacggggaggcaagtcgtaa,Bunocephalus coracoideus,Bunocephalus,Aspredinidae,Siluriformes,14,6,26,25
